plant,signal,metric,device,device_type,device_uuid,device_parent,signal_uuid
Florida,energia_exportada,exported_energy,meter,meter,91f9bca0-c82a-4876-b1b1-635f2515e998,,f24218a8-9900-4caa-9f9a-87312661be96
Florida,energia_importada,,meter,meter,91f9bca0-c82a-4876-b1b1-635f2515e998,,0b8e9921-651f-44c6-b01d-79647a535604
Florida,energia_reactiva_Q1,,meter,meter,91f9bca0-c82a-4876-b1b1-635f2515e998,,c7beaa8f-3a85-42b2-9f2b-467ece45d663
Florida,energia_reactiva_Q2,,meter,meter,91f9bca0-c82a-4876-b1b1-635f2515e998,,7a1d7eb1-0a5e-415d-8c86-6860fa02b862
Florida,energia_reactiva_Q3,,meter,meter,91f9bca0-c82a-4876-b1b1-635f2515e998,,75664cf4-79bf-42b1-a511-8e068c1754b8
Florida,energia_reactiva_Q4,,meter,meter,91f9bca0-c82a-4876-b1b1-635f2515e998,,2df182f8-ce0d-409f-bf8a-00282f8a1569
Florida,Vr_MT,,meter,meter,91f9bca0-c82a-4876-b1b1-635f2515e998,,8e3cb1f5-6dbc-4ee0-8cee-6ea4dd393a1c
Florida,Vs_MT,,meter,meter,91f9bca0-c82a-4876-b1b1-635f2515e998,,19427860-0cbc-4961-b3fd-590e66c245d9
Florida,Vt_MT,,meter,meter,91f9bca0-c82a-4876-b1b1-635f2515e998,,574150ce-043f-44d2-b8c2-4e59e9521b40
Florida,comunicacio_ok,,meter,meter,91f9bca0-c82a-4876-b1b1-635f2515e998,,7421d773-4777-46e0-b785-a4bbfa8b073a
Florida,potencia_alterna_R,,inverter1,inverter,13427caf-c0de-4a83-b68a-56d8caf91b80,,05d48f44-e6f8-4f34-9064-8a86e86349d5
Florida,potencia_alterna_S,,inverter1,inverter,13427caf-c0de-4a83-b68a-56d8caf91b80,,c776b847-7040-463e-bf8b-53f2ba5b4885
Florida,potencia_alterna_T,,inverter1,inverter,13427caf-c0de-4a83-b68a-56d8caf91b80,,c38a091e-15fa-4912-9b15-bb7031fff808
Florida,energia_total,,inverter1,inverter,13427caf-c0de-4a83-b68a-56d8caf91b80,,cf74facb-fd52-48bc-ade1-3dd620912ff6
Florida,temperatura_mitjana,,inverter1,inverter,13427caf-c0de-4a83-b68a-56d8caf91b80,,ea379032-32ef-459d-a6ac-07bd543290c5
Florida,intensitat,,stringbox_SCB11,string,7d384bfd-20c7-4256-9675-55f1e3351bc0,inverter1,ca082c4c-edd8-458f-9dca-b3c3bd34af7a
Florida,intensitat,,stringbox_SCB12,string,7e89cadc-dba4-4970-8042-efb4022e8154,inverter1,d92a5db6-7257-4611-8e8a-c312ad096eaa
Florida,intensitat,,stringbox_SCB13,string,eaec73d5-2689-4729-be82-9d2b7f94225d,inverter1,c6b8a7a7-f35c-4719-a40b-274a47ab5bb5
Florida,intensitat,,stringbox_SCB14,string,41183ed3-ac68-4ff0-94e6-b10b699919bf,inverter1,e63bfecd-bac0-45c1-99ad-b93b9f39f1d7
Florida,intensitat,,stringbox_SCB15,string,962b055d-ff8b-45fa-9038-c423f85beb52,inverter1,038cfc03-fd8f-445d-a8c2-316b81314c46
Florida,intensitat,,stringbox_SCB16,string,0909ef12-6d18-4142-9e4e-7575b481a6d3,inverter1,070e1cf2-57c6-46e7-8a4a-f1dd6885ebae
Florida,intensitat,,stringbox_SCB17,string,6f78a829-cd32-4c85-be95-88a8d58ec2c2,inverter1,97b2c6d1-3db1-4f68-8f68-fbd20cc3e92a
Florida,intensitat,,stringbox_SCB18,string,5d4716d9-d422-4ea9-946c-6f5688249c06,inverter1,d41cd1b5-d115-407b-8049-489fb81d21ac
Florida,intensitat,,stringbox_SCB19,string,6d5bb460-182f-4271-9dba-f280ae6523ac,inverter1,269bf3ce-2f1e-4795-a2e6-e90ebfc10203
Florida,comunicacio_ok,,inverter1,inverter,13427caf-c0de-4a83-b68a-56d8caf91b80,,40ca7326-bb69-4949-9be0-eedf858e0886
Florida,potencia_alterna_R,,inverter2,inverter,c137a935-6049-427c-9ebd-b1e2a994b364,,a3d7262a-0ff6-4d06-8339-2d8b2a1cce66
Florida,potencia_alterna_S,,inverter2,inverter,c137a935-6049-427c-9ebd-b1e2a994b364,,9d318e09-2775-4e2e-84de-250b27d3334a
Florida,potencia_alterna_T,,inverter2,inverter,c137a935-6049-427c-9ebd-b1e2a994b364,,84a20c6a-5272-437a-9bb2-0d41f7165854
Florida,energia_total,,inverter2,inverter,c137a935-6049-427c-9ebd-b1e2a994b364,,e3fbd161-d9c1-445a-9e36-c384047b6973
Florida,temperatura_mitjana,,inverter2,inverter,c137a935-6049-427c-9ebd-b1e2a994b364,,13c65266-5d38-4aae-9978-55f85f969ea0
Florida,intensitat,,stringbox_SCB21,string,c47aca12-e61d-4fe0-b41b-d39c660f78a1,inverter2,ea6d1af7-f49f-432d-ae30-ff7a6860dac9
Florida,intensitat,,stringbox_SCB22,string,0ed33781-8f95-4e0d-a2f8-0d37886d2302,inverter2,aa968603-7537-4d81-9cad-39070243fe08
Florida,intensitat,,stringbox_SCB23,string,31f323dc-9528-4616-9791-0b79ff8e7d94,inverter2,89c4623d-dd0b-4d9b-b4bd-d87a2021c0a4
Florida,intensitat,,stringbox_SCB24,string,0d959dd5-58f6-4538-a9a5-94236e3e85f4,inverter2,f4883809-539c-4c90-8513-ceff1bb07e67
Florida,intensitat,,stringbox_SCB25,string,77a8789f-6531-4596-8cb7-6d0257b0e640,inverter2,c7e770e4-6450-4412-9a4f-90209a3eb46a
Florida,intensitat,,stringbox_SCB26,string,e0bc2c23-1992-4c12-8191-7038b3b00fa1,inverter2,c5d5bf26-5485-4d36-b8dc-9a9c0712a73e
Florida,intensitat,,stringbox_SCB27,string,ff7cfe8d-2c3c-45e9-9d43-1b77919ae5bc,inverter2,5a3da05d-f369-48a9-8b83-fd533e2a0ad2
Florida,intensitat,,stringbox_SCB28,string,0b22abd3-94ff-45f3-93ad-1868d3523f6f,inverter2,86a77c1a-badb-4c0f-a31e-55e4ea3d5e2a
Florida,intensitat,,stringbox_SCB29,string,9c0211cc-9ef3-4468-aed4-1d9fb079fa34,inverter2,3a379a17-79a0-4bb2-adec-5d879c20ce05
Florida,comunicacio_ok,,inverter2,inverter,c137a935-6049-427c-9ebd-b1e2a994b364,,b5a2d3cb-98ad-493c-afe3-e4fc1cc7fc71
Florida,temperatura_panell,,estacio_meteorologica1,sensor,a6b23472-5cd4-4e28-831b-f4ae9dd57619,,c8388044-8780-4c2e-a98e-6cffe6b21bf2
Florida,irradiacio_sonda,irradiance,estacio_meteorologica1,sensor,a6b23472-5cd4-4e28-831b-f4ae9dd57619,,7689a364-c123-4066-bb9f-21207420061c
Florida,temperatura_ambient,,estacio_meteorologica1,sensor,a6b23472-5cd4-4e28-831b-f4ae9dd57619,,53ae3090-7e28-49ee-be19-628280be080f
Florida,comunicacio_ok,,estacio_meteorologica1,sensor,a6b23472-5cd4-4e28-831b-f4ae9dd57619,,7c3ffb88-62b2-4bcb-8fed-5d546a97dc8e
Llanillos,energia_exportada,exported_energy,meter,meter,716015b3-3f17-47e9-8c64-b728bfbec467,,04b371c6-351b-4fa6-84b4-d62c8d697eda
Llanillos,energia_importada,,meter,meter,716015b3-3f17-47e9-8c64-b728bfbec467,,8db743ab-e4a7-4fae-81e5-190354fb01be
Llanillos,energia_reactiva_Q1,,meter,meter,716015b3-3f17-47e9-8c64-b728bfbec467,,90ea93b7-c440-47a9-a0eb-1324fded20c0
Llanillos,energia_reactiva_Q2,,meter,meter,716015b3-3f17-47e9-8c64-b728bfbec467,,729c8fd7-e0fa-44a5-b7d6-b755d08b6498
Llanillos,energia_reactiva_Q3,,meter,meter,716015b3-3f17-47e9-8c64-b728bfbec467,,4cf42281-5796-4e32-bda7-f84fb3da6f7d
Llanillos,energia_reactiva_Q4,,meter,meter,716015b3-3f17-47e9-8c64-b728bfbec467,,22e134b3-b294-40e8-9fd5-a863e6b992ca
Llanillos,Vr_MT,,meter,meter,716015b3-3f17-47e9-8c64-b728bfbec467,,388429dd-9695-4cf2-8b56-0c4dfa724704
Llanillos,Vs_MT,,meter,meter,716015b3-3f17-47e9-8c64-b728bfbec467,,f59fc65c-0480-4f84-9e9a-340eba074901
Llanillos,Vt_MT,,meter,meter,716015b3-3f17-47e9-8c64-b728bfbec467,,e82c8b3c-4073-4748-ba42-b75cd8b4a106
Llanillos,comunicacio_ok,,meter,meter,716015b3-3f17-47e9-8c64-b728bfbec467,,28d2cde2-9864-487a-a699-5ae7c9fcc366
Llanillos,potencia_activa,,inverter1,inverter,09343308-c76e-4b4d-b124-51227852af8f,,b27611c4-7c4b-4eed-8b1f-3a86b492ffcf
Llanillos,Vdc,,inverter1,inverter,09343308-c76e-4b4d-b124-51227852af8f,,f9e5d92e-2373-4042-b5fd-0f4b17090d88
Llanillos,Idc,,inverter1,inverter,09343308-c76e-4b4d-b124-51227852af8f,,56f431aa-9ed1-481e-88b2-3b671d2f549e
Llanillos,frequencia,,inverter1,inverter,09343308-c76e-4b4d-b124-51227852af8f,,87e0d708-05d3-4831-8d31-e3c7a4db6ff6
Llanillos,Ir_BT,,inverter1,inverter,09343308-c76e-4b4d-b124-51227852af8f,,85887f10-8e86-45c3-ac87-52888bfc7507
Llanillos,Is_BT,,inverter1,inverter,09343308-c76e-4b4d-b124-51227852af8f,,3a736cca-ccbe-427f-9197-496adb7a8b1b
Llanillos,It_BT,,inverter1,inverter,09343308-c76e-4b4d-b124-51227852af8f,,d1b2fd0c-c10b-4571-8c33-d3817ff8011b
Llanillos,Vr_BT,,inverter1,inverter,09343308-c76e-4b4d-b124-51227852af8f,,ec655b2e-6097-4716-8ff7-ced6773865fc
Llanillos,Vs_BT,,inverter1,inverter,09343308-c76e-4b4d-b124-51227852af8f,,105be32a-b1ee-4f79-9fab-ff413a44d07d
Llanillos,Vt_BT,,inverter1,inverter,09343308-c76e-4b4d-b124-51227852af8f,,d67907b5-f142-4dd2-a9e7-6c7ec0c05d2b
Llanillos,energia,inverter_energy,inverter1,inverter,09343308-c76e-4b4d-b124-51227852af8f,,ce82c413-4dc8-48dc-bef1-0a41aa9fe738
Llanillos,energia_total,,inverter1,inverter,09343308-c76e-4b4d-b124-51227852af8f,,fb76c490-d393-4274-b61d-1d7468fa333a
Llanillos,temperatura_mitjana,,inverter1,inverter,09343308-c76e-4b4d-b124-51227852af8f,,45bae2f5-84e3-4791-94df-8a9a5d2a89ce
Llanillos,intensitat,,stringbox_SCB1,string,363916dd-96de-44b4-9c62-23bc48a11029,inverter1,a909518d-75d3-4645-a44e-e79bc0fd061e
Llanillos,intensitat,,stringbox_SCB2,string,846fe189-0f8c-4d53-96f0-05a755aa0c41,inverter1,be0ebf9f-e0b5-47df-bac0-2ec1763afde8
Llanillos,intensitat,,stringbox_SCB3,string,9034a6ee-6bbf-4b6e-bcfa-0007595d50ca,inverter1,5afab8d4-4f1b-41f7-aee5-b1f2f9c11319
Llanillos,intensitat,,stringbox_SCB4,string,dad1c39e-127c-4838-98c0-7dd33f29beaa,inverter1,2ad09815-5b10-4957-b915-51471fc22503
Llanillos,intensitat,,stringbox_SCB5,string,0eb6ff01-ef76-4112-b468-5ac5e766aebc,inverter1,e10bc60e-d0fa-483c-8325-cd7e78505ab3
Llanillos,intensitat,,stringbox_SCB6,string,8c593384-d9ab-4f1a-9ecb-f5dc6775681c,inverter1,6fe6e4c9-fa87-430f-b0e4-68257598eee2
Llanillos,intensitat,,stringbox_SCB7,string,fb17065e-47d1-4564-a5e1-f1329e14060a,inverter1,685b0d57-0166-4680-a6f6-e79dfd0dcd42
Llanillos,intensitat,,stringbox_SCB8,string,1b6c664b-cc87-4988-be57-be414445482b,inverter1,69fc6c10-2153-441b-b950-5a3979352b86
Llanillos,intensitat,,stringbox_SCB9,string,4bd99dcc-3173-472b-8df4-3a7d9323f1cd,inverter1,440251b3-90c3-48d3-aa4b-875a5f636988
Llanillos,intensitat,,stringbox_SCB10,string,88262b0f-66d4-4ca3-b358-3cbd8fc4885f,inverter1,55736958-3e36-420b-ad90-d0a91e11f665
Llanillos,intensitat,,stringbox_SCB11,string,56ee9f87-7b33-402e-b673-5a057433b0dc,inverter1,a6791a24-3edf-4b88-b73b-680931202f66
Llanillos,intensitat,,stringbox_SCB12,string,f2a8c1de-fa00-4097-9075-4bb38a20fff2,inverter1,7fa90baa-00bb-4bb6-9c80-e8ea94a1f23a
Llanillos,intensitat,,stringbox_SCB13,string,c8842467-467e-49d3-b555-32f3505294ad,inverter1,83bfcec5-3d87-4db6-88ab-e8579761144a
Llanillos,intensitat,,stringbox_SCB14,string,3b1e74a9-c946-4ba9-9e4f-a2c382eba1fd,inverter1,bacf91a9-7e9d-498e-93f0-4dfe4c25d3ae
Llanillos,intensitat,,stringbox_SCB15,string,23bbeb02-c117-4d77-9c38-0af4177dc2db,inverter1,0b543e9c-7d5c-4a06-883f-1fa8278ec364
Llanillos,intensitat,,stringbox_SCB16,string,ccbb1eb0-1861-4b76-90e4-7e4ced038308,inverter1,fbbca888-2dbb-417e-9419-10048a00e842
Llanillos,intensitat,,stringbox_SCB17,string,85a08290-8fda-40ce-9586-29508714c0c5,inverter1,1ed77db3-fae7-4fd7-b9e5-ff13c14becea
Llanillos,intensitat,,stringbox_SCB18,string,7e3d5f82-01b8-46be-882f-01e95057c677,inverter1,133f9036-2c08-4010-8d59-628540926a6b
Llanillos,Idc_modul,,module1,module,82f121fb-735e-40e1-9e79-5acb42681ca5,inverter1,3bd3d7f8-fc37-427e-8919-57853bcb12c6
Llanillos,temperatura_mitjana_modul,,module1,module,82f121fb-735e-40e1-9e79-5acb42681ca5,inverter1,7fc2846b-50fb-4428-a673-e9b96a0ce927
Llanillos,Ir_BT_modul,,module1,module,82f121fb-735e-40e1-9e79-5acb42681ca5,inverter1,9e277b57-bc4e-440e-9734-55613ce8ec3f
Llanillos,Is_BT_modul,,module1,module,82f121fb-735e-40e1-9e79-5acb42681ca5,inverter1,a839530c-a9ab-425b-90f1-50f9537611a0
Llanillos,It_BT_modul,,module1,module,82f121fb-735e-40e1-9e79-5acb42681ca5,inverter1,95f2ee15-6047-4146-aa7b-b4946a7b8602
Llanillos,potencia_activa_modul,,module1,module,82f121fb-735e-40e1-9e79-5acb42681ca5,inverter1,f0bcd73e-8c25-4aff-b7ad-017afe5a1ddc
Llanillos,energia_modul,,module1,module,82f121fb-735e-40e1-9e79-5acb42681ca5,inverter1,eadfbedc-e25b-4e64-bba1-9d53a0412d97
Llanillos,Idc_modul,,module2,module,75cd90e0-12d4-43bf-a7e9-1eb3841c2111,inverter1,a27a7563-6f0d-4e5c-9c10-0e0e6c99075b
Llanillos,temperatura_mitjana_modul,,module2,module,75cd90e0-12d4-43bf-a7e9-1eb3841c2111,inverter1,d243474d-ced0-44f5-9cf2-f187898b1ee4
Llanillos,Ir_BT_modul,,module2,module,75cd90e0-12d4-43bf-a7e9-1eb3841c2111,inverter1,77956917-456f-4323-8307-75b367dad053
Llanillos,Is_BT_modul,,module2,module,75cd90e0-12d4-43bf-a7e9-1eb3841c2111,inverter1,b76553dd-b5af-47cc-b8e8-7d1b4c24768d
Llanillos,It_BT_modul,,module2,module,75cd90e0-12d4-43bf-a7e9-1eb3841c2111,inverter1,f4e3ca17-da73-4264-9228-68e52aba9ba3
Llanillos,potencia_activa_modul,,module2,module,75cd90e0-12d4-43bf-a7e9-1eb3841c2111,inverter1,8239733c-0637-4568-8cb8-7db0bf1d495c
Llanillos,energia_modul,,module2,module,75cd90e0-12d4-43bf-a7e9-1eb3841c2111,inverter1,d7e0add0-393f-4cc9-9013-23504cf4e53b
Llanillos,Idc_modul,,module3,module,d5be2bdb-0194-417a-adf3-2c9ad5454a4e,inverter1,04ba3d1a-5359-4216-96e0-f558bc7edaf7
Llanillos,temperatura_mitjana_modul,,module3,module,d5be2bdb-0194-417a-adf3-2c9ad5454a4e,inverter1,5423056f-d0ed-4339-9058-05f381cf446f
Llanillos,Ir_BT_modul,,module3,module,d5be2bdb-0194-417a-adf3-2c9ad5454a4e,inverter1,668a3b25-df05-4286-a15b-fab708632574
Llanillos,Is_BT_modul,,module3,module,d5be2bdb-0194-417a-adf3-2c9ad5454a4e,inverter1,e1bd585c-9e91-45e7-8520-6d813906ee98
Llanillos,It_BT_modul,,module3,module,d5be2bdb-0194-417a-adf3-2c9ad5454a4e,inverter1,210b21b5-10ec-4114-9880-1d4207fe8629
Llanillos,potencia_activa_modul,,module3,module,d5be2bdb-0194-417a-adf3-2c9ad5454a4e,inverter1,2596459f-c86d-485e-8bd7-950014e98f3a
Llanillos,energia_modul,,module3,module,d5be2bdb-0194-417a-adf3-2c9ad5454a4e,inverter1,0e1079ac-5133-455a-ad51-684c3be54c1e
Llanillos,Idc_modul,,module4,module,904d2464-6d88-4a77-9503-a6467c34f50e,inverter1,caa9cddb-92b8-4c75-ab01-7660e94593a3
Llanillos,temperatura_mitjana_modul,,module4,module,904d2464-6d88-4a77-9503-a6467c34f50e,inverter1,ac2498bb-8786-41ab-911a-e46e76c29e89
Llanillos,Ir_BT_modul,,module4,module,904d2464-6d88-4a77-9503-a6467c34f50e,inverter1,ba12cf09-44a5-45ce-9d9a-0c00664219b4
Llanillos,Is_BT_modul,,module4,module,904d2464-6d88-4a77-9503-a6467c34f50e,inverter1,0b44d34b-ae7f-40bf-98e8-2a5c22345f86
Llanillos,It_BT_modul,,module4,module,904d2464-6d88-4a77-9503-a6467c34f50e,inverter1,2c5a0e14-77d2-4ef2-9a2e-2f1fe48664ca
Llanillos,potencia_activa_modul,,module4,module,904d2464-6d88-4a77-9503-a6467c34f50e,inverter1,e945e3d5-8ce5-4a35-ade5-3951c10d7e1a
Llanillos,energia_modul,,module4,module,904d2464-6d88-4a77-9503-a6467c34f50e,inverter1,2b349cd2-23e9-484c-b0cf-299e9ac8066b
Llanillos,Idc_modul,,module5,module,9c0c7332-4431-4097-9e27-dbbd937b3ee8,inverter1,0ec6eb63-68ea-4d88-8203-531c026aecc1
Llanillos,temperatura_mitjana_modul,,module5,module,9c0c7332-4431-4097-9e27-dbbd937b3ee8,inverter1,e926f3ea-7171-4692-9acb-964cc2a2761b
Llanillos,Ir_BT_modul,,module5,module,9c0c7332-4431-4097-9e27-dbbd937b3ee8,inverter1,25067ef2-b039-428e-a0a0-ce690f62da73
Llanillos,Is_BT_modul,,module5,module,9c0c7332-4431-4097-9e27-dbbd937b3ee8,inverter1,658073e3-2633-45db-997f-dfb0dd37e158
Llanillos,It_BT_modul,,module5,module,9c0c7332-4431-4097-9e27-dbbd937b3ee8,inverter1,2e780cb3-1fb3-4625-a698-770e122a5ff1
Llanillos,potencia_activa_modul,,module5,module,9c0c7332-4431-4097-9e27-dbbd937b3ee8,inverter1,70187b20-db5b-4355-ba8d-5df8d773435c
Llanillos,energia_modul,,module5,module,9c0c7332-4431-4097-9e27-dbbd937b3ee8,inverter1,c33d6845-ec2b-4def-88d0-e483c4e79c1e
Llanillos,Idc_modul,,module6,module,f222098a-6fa3-48af-bce4-b29632b6cb9c,inverter1,f717b70c-574f-489b-9f03-7ecd005f54da
Llanillos,temperatura_mitjana_modul,,module6,module,f222098a-6fa3-48af-bce4-b29632b6cb9c,inverter1,d96d64da-a0f6-4d28-8119-fd473115a76a
Llanillos,Ir_BT_modul,,module6,module,f222098a-6fa3-48af-bce4-b29632b6cb9c,inverter1,1f4c8c8b-9076-4a9e-976c-f5736fc042c9
Llanillos,Is_BT_modul,,module6,module,f222098a-6fa3-48af-bce4-b29632b6cb9c,inverter1,0ae7208e-288c-4c95-81e7-c79527d9c730
Llanillos,It_BT_modul,,module6,module,f222098a-6fa3-48af-bce4-b29632b6cb9c,inverter1,f800a8c3-9e80-4478-9c2a-e5b829572230
Llanillos,potencia_activa_modul,,module6,module,f222098a-6fa3-48af-bce4-b29632b6cb9c,inverter1,002006de-3e4d-4116-8326-41917c89de27
Llanillos,energia_modul,,module6,module,f222098a-6fa3-48af-bce4-b29632b6cb9c,inverter1,0fa7df9c-76e5-44cf-9f1c-800640cb904b
Llanillos,comunicacio_ok,,inverter1,inverter,09343308-c76e-4b4d-b124-51227852af8f,,13e4ee21-d0d2-4077-89ce-e73b8555f67c
Llanillos,irradiacio_sonda_neta,,sensor1,sensor,23c2f84b-5734-4efa-918d-c773cdff9f19,,db276eda-bb40-410b-9784-c3a1c78875d2
Llanillos,irradiacio_sonda_bruta,irradiance,sensor1,sensor,23c2f84b-5734-4efa-918d-c773cdff9f19,,55f3b1f3-68c9-4872-b2c4-1dfd76b6489a
Llanillos,irradiacio_piranometre,,sensor1,sensor,23c2f84b-5734-4efa-918d-c773cdff9f19,,e37deaa4-cc0e-499f-b3ed-d8d1e81a459f
Llanillos,temperatura_ambient,,sensor1,sensor,23c2f84b-5734-4efa-918d-c773cdff9f19,,4acf7aca-6209-493c-bb39-c8237b6b5f2e
Llanillos,temperatua_panell,,sensor1,sensor,23c2f84b-5734-4efa-918d-c773cdff9f19,,b9fed2c7-4c62-41c1-9bfc-5a9bf99b071d
Llanillos,comunicacio_ok,,sensor1,sensor,23c2f84b-5734-4efa-918d-c773cdff9f19,,1df3c7a8-338b-41f7-899c-ee2441198d01
Matallana,energia_exportada,exported_energy,meter,meter,529d55a4-26fc-4055-b268-ed51d197ff1b,,04d9d6e5-0afb-484e-8eae-5d71b6d98640
Matallana,Comptador_Energia Importada,,meter,meter,529d55a4-26fc-4055-b268-ed51d197ff1b,,340cf2f4-55d1-4a65-b14a-1809b82a8d87
Matallana,Comptador_Energia Reactiva Q1,,meter,meter,529d55a4-26fc-4055-b268-ed51d197ff1b,,dd6542ab-66b0-4dea-9449-08a63e61a34d
Matallana,Comptador_Energia Reactiva Q2,,meter,meter,529d55a4-26fc-4055-b268-ed51d197ff1b,,a67bc07e-6d9c-42e8-96c4-cce2f1c111b3
Matallana,Comptador_Energia Reactiva Q3,,meter,meter,529d55a4-26fc-4055-b268-ed51d197ff1b,,a9a4286d-d2c2-4fc8-adb8-c91a7bc75b8f
Matallana,Comptador_Energia Reactiva Q4,,meter,meter,529d55a4-26fc-4055-b268-ed51d197ff1b,,16def43a-96b4-45be-bed4-e8c5aa88db0b
Matallana,Comptador_Vr MT,,meter,meter,529d55a4-26fc-4055-b268-ed51d197ff1b,,8898084c-890b-412d-83ab-2c99e3450243
Matallana,Comptador_Vs MT,,meter,meter,529d55a4-26fc-4055-b268-ed51d197ff1b,,ea04de86-0b13-48b7-8a90-581421bd62d4
Matallana,Comptador_Vt MT,,meter,meter,529d55a4-26fc-4055-b268-ed51d197ff1b,,fe29b853-509e-4b2e-a1c5-b82775e5d8a3
Matallana,Comptador_comunicaci√≥_ok,,meter,meter,529d55a4-26fc-4055-b268-ed51d197ff1b,,06e8520d-d1e6-4a55-b144-9a61c6a394b3
Matallana,potencia_alterna_R,,inverter1,inverter,2c30a0e4-55f1-4b63-b4f4-0ca0a0de9cb1,,30ef1f9c-e501-4351-8ec4-de09b47a77ae
Matallana,potencia_alterna_S,,inverter1,inverter,2c30a0e4-55f1-4b63-b4f4-0ca0a0de9cb1,,9c6a8567-f4fb-4add-9f22-8e5b212d32af
Matallana,potencia_alterna_T,,inverter1,inverter,2c30a0e4-55f1-4b63-b4f4-0ca0a0de9cb1,,e87f4336-d61f-4a35-b9f6-4a7f2147ac73
Matallana,energia,inverter_energy,inverter1,inverter,2c30a0e4-55f1-4b63-b4f4-0ca0a0de9cb1,,30b1a2f3-8a4c-4f6d-a604-47b27d7d9acc
Matallana,temperatura_mitjana,,inverter1,inverter,2c30a0e4-55f1-4b63-b4f4-0ca0a0de9cb1,,87230b92-6e4b-435b-ae81-8b415896e53c
Matallana,intensitat,,stringbox_SCB11,string,e138db35-202c-4b73-b592-0b043eb24ee1,inverter1,b11af160-6fc3-42ce-8bd6-65f458847aa3
Matallana,intensitat,,stringbox_SCB12,string,9826e19d-6f55-43f9-9380-5518bc5721d3,inverter1,082342f9-e37c-4d59-a1e5-30632bd19cff
Matallana,intensitat,,stringbox_SCB13,string,43333801-bd32-46dc-813f-fc67a010bc66,inverter1,01d08283-9667-4b76-a92f-a38ee72ff402
Matallana,intensitat,,stringbox_SCB14,string,a05ddc2b-573c-4448-b12e-f7d422f9797c,inverter1,34a1fb94-a2db-4f18-9fd3-f24df8d2ba3c
Matallana,intensitat,,stringbox_SCB15,string,11777046-6f33-4f3e-b055-25af3a486235,inverter1,5c214a04-f407-4da2-b277-47dae6057d27
Matallana,intensitat,,stringbox_SCB16,string,b16fa855-f89a-43e0-b335-d6207928a60e,inverter1,039169dd-9135-40f5-9a5a-53b4354bfbcf
Matallana,intensitat,,stringbox_SCB17,string,222545e3-76fe-4895-a7f6-406ccc3940b9,inverter1,d3a8916e-032d-4325-a0bb-be5152266fe3
Matallana,intensitat,,stringbox_SCB18,string,d2c1c7f2-4100-4dfe-a974-717d72125ef0,inverter1,581f0e16-648a-4062-aa1a-0fa3cff19417
Matallana,conunicacio_ok,,inverter1,inverter,2c30a0e4-55f1-4b63-b4f4-0ca0a0de9cb1,,f2574110-e170-4b18-a0cf-273dd485f67b
Matallana,potencia_alterna_R,,inverter2,inverter,b90e2718-d5eb-40d1-b351-bdbdcf20736d,,b90dfe52-9d39-4e96-98ad-3aa311ab3278
Matallana,potencia_alterna_S,,inverter2,inverter,b90e2718-d5eb-40d1-b351-bdbdcf20736d,,7a296461-8347-4729-aa0e-8978848a6fd7
Matallana,potencia_alterna_T,,inverter2,inverter,b90e2718-d5eb-40d1-b351-bdbdcf20736d,,663bce95-3461-4f87-892b-9ee5757c98fe
Matallana,energia,inverter_energy,inverter2,inverter,b90e2718-d5eb-40d1-b351-bdbdcf20736d,,5aff119b-1702-4eb2-b9a0-fb3a2b0e9626
Matallana,temperatura_mitjana,,inverter2,inverter,b90e2718-d5eb-40d1-b351-bdbdcf20736d,,4e5a7880-0b1a-4a79-abb2-c70b31c1fe0a
Matallana,intensitat,,stringbox_SCB21,string,cd03ee7e-66c3-4a04-a3e3-e6cf1149d457,inverter2,5c7695da-e51c-4d7d-bc7c-cda66f19fc27
Matallana,intensitat,,stringbox_SCB22,string,5db5fd87-b6f8-462b-86a1-11f93214071b,inverter2,8dc8c86e-934d-4990-8478-968ca4d35f67
Matallana,intensitat,,stringbox_SCB23,string,3948cead-278c-4ed5-9263-67f9717895ac,inverter2,2c0536ea-03da-4cbe-b318-c5739b77e79d
Matallana,intensitat,,stringbox_SCB24,string,688a9499-717f-4a7e-91c7-e89482d9b9e6,inverter2,a5db08f4-3d31-4562-b1d8-f2ace1825805
Matallana,intensitat,,stringbox_SCB25,string,8bb206ca-3f35-4497-b45b-3fef493260cd,inverter2,673e6600-4155-4b64-900f-1b43ab2c3335
Matallana,intensitat,,stringbox_SCB26,string,a3d08958-457b-479b-b66b-ddbaf0735161,inverter2,caba1a95-96bc-4142-b805-126ac0f9bde2
Matallana,intensitat,,stringbox_SCB27,string,06b4e6a0-ede0-41bf-9482-56d348fdc232,inverter2,7654a1e7-b3c7-4d7f-a0eb-2854aa2388cb
Matallana,intensitat,,stringbox_SCB28,string,fbca0873-1f14-4075-9ff0-758ab18de510,inverter2,d22d324f-ff58-4579-b1c0-fcc06371e2ae
Matallana,conunicacio_ok,,inverter2,inverter,b90e2718-d5eb-40d1-b351-bdbdcf20736d,,95825c86-6fec-4f4c-8c3e-9fedaf8a3b3c
Matallana,potencia_alterna_R,,inverter3,inverter,bb0310a0-976e-4a00-84d3-b21c17170eba,,10f4cdf0-5ff9-4b43-9eea-3910dc704f6c
Matallana,potencia_alterna_S,,inverter3,inverter,bb0310a0-976e-4a00-84d3-b21c17170eba,,33f16330-0d4c-4741-b012-868f04d898c7
Matallana,potencia_alterna_T,,inverter3,inverter,bb0310a0-976e-4a00-84d3-b21c17170eba,,314dcada-d979-4d38-a030-bf7bcde557b5
Matallana,energia,inverter_energy,inverter3,inverter,bb0310a0-976e-4a00-84d3-b21c17170eba,,da224f1b-2c9f-456a-8b5e-d9aa3d81fae9
Matallana,temperatura_mitjana,,inverter3,inverter,bb0310a0-976e-4a00-84d3-b21c17170eba,,576239d9-8cf4-4797-83f2-16801af275fd
Matallana,intensitat,,stringbox_SCB31,string,cd4c9217-32dd-44eb-85fd-815a676256fe,inverter3,d9f1dab0-4324-4c68-b998-85c9fa8ecbab
Matallana,intensitat,,stringbox_SCB32,string,7af64d55-151c-43e9-a561-1039845c4b24,inverter3,219cf137-1eca-4dfe-82a3-bd4503828fc6
Matallana,intensitat,,stringbox_SCB33,string,a533e611-be30-4bc6-b0ea-7e4a39017354,inverter3,0e5fee7b-ffa8-4abb-8c72-e9dabed31c89
Matallana,intensitat,,stringbox_SCB34,string,0af5abc4-e0a1-47b4-99a5-ce3394fa7efd,inverter3,a0f42728-2bce-45fa-aeb1-8b640e1b8d24
Matallana,intensitat,,stringbox_SCB35,string,8e62d08b-e710-4803-9d2e-42be25728889,inverter3,fb2d9961-e1fd-4090-8ea9-f6119c2e7c91
Matallana,intensitat,,stringbox_SCB36,string,45d60b4b-93d1-4a39-abd7-6bd344273d98,inverter3,2ee52bc6-e6d4-466f-90c0-834dd1ecb688
Matallana,intensitat,,stringbox_SCB37,string,470d3249-d49d-450e-8d3b-bc61a1e82323,inverter3,f7f3c40c-96da-4b9b-a217-d486ffc69316
Matallana,intensitat,,stringbox_SCB38,string,ae640d46-e112-48ea-9b46-c3c98801bf0a,inverter3,dfa5dc59-a52f-4270-9f87-c0e2bdd29033
Matallana,conunicacio_ok,,inverter3,inverter,bb0310a0-976e-4a00-84d3-b21c17170eba,,da41391c-dfab-48f5-9ec6-9cb8e39a9869
Matallana,potencia_alterna_R,,inverter4,inverter,2874089b-bd36-4f34-b98a-de132d876341,,882f7d7c-446b-4901-ada1-d7046a342b6d
Matallana,potencia_alterna_S,,inverter4,inverter,2874089b-bd36-4f34-b98a-de132d876341,,d43900fa-2a31-423c-871b-dccbbed70cea
Matallana,potencia_alterna_T,,inverter4,inverter,2874089b-bd36-4f34-b98a-de132d876341,,642a0330-97cc-4e3f-92d5-7632ca3f0563
Matallana,energia,inverter_energy,inverter4,inverter,2874089b-bd36-4f34-b98a-de132d876341,,99d5f1fd-7d34-4746-8603-fe5d0ddd3c06
Matallana,temperatura_mitjana,,inverter4,inverter,2874089b-bd36-4f34-b98a-de132d876341,,b4c92f6d-db94-4844-a14f-2749794786bd
Matallana,intensitat,,stringbox_SCB41,string,4f9afeb1-2b3b-4301-9b5d-7cd1e9370e1e,inverter4,6f39dc52-a7a2-472d-8ff2-00788377803e
Matallana,intensitat,,stringbox_SCB42,string,1751b86e-5d2a-4ea8-8933-fd67eb266005,inverter4,ad25c6b7-f167-470f-89b7-b9c34efdbb11
Matallana,intensitat,,stringbox_SCB43,string,400703aa-c75e-4d57-af09-e1a2203ba0df,inverter4,997747a1-ee32-417d-9160-ac17e490a736
Matallana,intensitat,,stringbox_SCB44,string,597c6ae7-f16e-4530-a483-39b5dc85cc18,inverter4,30438b85-e0d0-400e-89f6-10f9d1a8f239
Matallana,intensitat,,stringbox_SCB45,string,18e8240c-6c7f-4ed9-a9b3-99b40c51b3f1,inverter4,70f40cbc-d036-44b9-8cc1-e1b7ae474e13
Matallana,intensitat,,stringbox_SCB46,string,5cd301bf-01fb-4853-a13e-8cfc864e3881,inverter4,48de6e87-33a3-47dc-8799-6dcf8a311f81
Matallana,intensitat,,stringbox_SCB47,string,8538bc06-18c4-4d53-bcdd-5e9f3135b18a,inverter4,8963e928-a3a8-4072-9774-b3a7e0607299
Matallana,intensitat,,stringbox_SCB48,string,b1cc4ded-67de-49ed-ad10-3a6af737fb73,inverter4,bf11f120-0d54-4a4d-894c-a4128a876464
Matallana,conunicacio_ok,,inverter4,inverter,2874089b-bd36-4f34-b98a-de132d876341,,656a5c1d-c937-477e-bdc5-bf7c5ecaa27f
Matallana,temperatura_panell,,estacio_meteorologica1,sensor,6ce502a0-2d6d-4f41-b078-64cf325b7882,,e1a7f6a9-9870-4b08-8cea-ca9afbf6498c
Matallana,temperatura_sonda,,estacio_meteorologica1,sensor,6ce502a0-2d6d-4f41-b078-64cf325b7882,,a69de0fa-1089-4bfe-9b47-8c9a1f58d11e
Matallana,temperatura_ambient,,estacio_meteorologica1,sensor,6ce502a0-2d6d-4f41-b078-64cf325b7882,,816ce432-6849-4412-9dde-88065bdf342c
Matallana,conunicacio_ok,,estacio_meteorologica1,sensor,6ce502a0-2d6d-4f41-b078-64cf325b7882,,8ac0a0a5-70df-44d9-a5da-9551510c7a67
Terborg,energia_exportada,exported_energy,meter,meter,5deb3780-02e2-4dcf-a6a7-de646991762c,,02c68a0c-0e23-4785-a5d0-a744f4eac0bd
Terborg,energia_importada,,meter,meter,5deb3780-02e2-4dcf-a6a7-de646991762c,,ecc980b3-5029-441d-b9ce-53117c036bdf
Terborg,energia_reactiva_Q1,,meter,meter,5deb3780-02e2-4dcf-a6a7-de646991762c,,674bf144-836b-4527-8604-a41f7215c8f1
Terborg,energia_reactiva_Q2,,meter,meter,5deb3780-02e2-4dcf-a6a7-de646991762c,,aa8b6a0d-c53b-41b7-9001-fa05972c21c0
Terborg,energia_reactiva_Q3,,meter,meter,5deb3780-02e2-4dcf-a6a7-de646991762c,,31ae7d09-95db-447d-b5bf-358b056ef5bf
Terborg,energia_reactiva_Q4,,meter,meter,5deb3780-02e2-4dcf-a6a7-de646991762c,,fe3145f8-dfcf-47bb-808f-59aaf747a080
Terborg,Vr_MT,,meter,meter,5deb3780-02e2-4dcf-a6a7-de646991762c,,8e9182d5-4f76-4fb8-bec5-1c97b634d9ac
Terborg,Vs_MT,,meter,meter,5deb3780-02e2-4dcf-a6a7-de646991762c,,5f986a81-fb7e-4c96-ae0c-180e173b5f11
Terborg,Vt_MT,,meter,meter,5deb3780-02e2-4dcf-a6a7-de646991762c,,22596573-3772-4a86-9366-aa463d008174
Terborg,comunicacio_ok,,meter,meter,5deb3780-02e2-4dcf-a6a7-de646991762c,,7b30f478-c321-43a6-9c7b-bc89c2002ef0
Terborg,potencia_activa,,inverter111,inverter,af9f75b4-f935-450b-b7d9-6c29e58d46b1,,463342bd-ba4b-4fa8-91b4-425a4d6397cb
Terborg,frecuencia,,inverter111,inverter,af9f75b4-f935-450b-b7d9-6c29e58d46b1,,5dfe5100-b4f9-4368-b337-51892823e63a
Terborg,energia,inverter_energy,inverter111,inverter,af9f75b4-f935-450b-b7d9-6c29e58d46b1,,2ff72596-f007-4a74-b7f7-3e565bdd33e5
Terborg,energia_total,,inverter111,inverter,af9f75b4-f935-450b-b7d9-6c29e58d46b1,,486563aa-2dc1-44c3-98b5-8d346e348d84
Terborg,temperatura_mitjana,,inverter111,inverter,af9f75b4-f935-450b-b7d9-6c29e58d46b1,,87fe9154-d802-415d-b0a2-2940b6540380
Terborg,Vr_BT,,inverter111,inverter,af9f75b4-f935-450b-b7d9-6c29e58d46b1,,cf67daa1-8704-4ffd-a5ca-5f24aa3275d5
Terborg,Vs_BT,,inverter111,inverter,af9f75b4-f935-450b-b7d9-6c29e58d46b1,,92c46308-f9bf-4c5a-8538-44662312d331
Terborg,Vt_BT,,inverter111,inverter,af9f75b4-f935-450b-b7d9-6c29e58d46b1,,12bb2534-3ec3-41f4-a8da-45983bb58932
Terborg,Ir_BT,,inverter111,inverter,af9f75b4-f935-450b-b7d9-6c29e58d46b1,,0f778c2b-d620-477a-a51b-c7ccf7f60ac6
Terborg,Is_BT,,inverter111,inverter,af9f75b4-f935-450b-b7d9-6c29e58d46b1,,8980988f-e624-407b-9c52-b8d60a722427
Terborg,It_BT,,inverter111,inverter,af9f75b4-f935-450b-b7d9-6c29e58d46b1,,260730da-afc1-4f59-a7c2-86a6f873395a
Terborg,intensitat,,string1,string,ae85b3d5-671d-4563-b617-f37ec5639455,inverter111,52de4732-b315-4e23-86eb-36d39592f7ef
Terborg,intensitat,,string2,string,6fc7f200-7f70-48c9-a3a9-0eee77ce59b7,inverter111,c51a0d39-e8fb-441e-a691-77100f399051
Terborg,intensitat,,string3,string,5a15ad03-8294-44b2-824d-9c46bc25fbcd,inverter111,56def1f2-4bdc-4ed1-9303-ed510bb61308
Terborg,intensitat,,string4,string,fcb26360-bfef-4082-8b26-adfb4e093fe8,inverter111,967c2f3c-a383-4253-9e05-42b3daa12584
Terborg,intensitat,,string5,string,6a19caae-a254-47e2-970a-6c3e5ef1eea4,inverter111,9a5873a9-1396-4a1d-99e2-b92668af8801
Terborg,intensitat,,string6,string,0750aef9-2863-480f-a705-fc360665d621,inverter111,a8db3515-a151-421f-aa73-b438f7325533
Terborg,intensitat,,string7,string,1e92a5c2-9e8b-4f38-9b03-1c440ca4e218,inverter111,30b39bb8-912b-4ca0-9240-ed4226eebad2
Terborg,intensitat,,string8,string,b3cc5859-798f-4d76-a9cb-acdcd330c59b,inverter111,c658a8d0-7fd8-4ee7-896a-0a147ec40f4b
Terborg,voltatge,,string1,string,ae85b3d5-671d-4563-b617-f37ec5639455,inverter111,98d9aabb-262d-4904-85d3-1271071eb21d
Terborg,voltatge,,string2,string,6fc7f200-7f70-48c9-a3a9-0eee77ce59b7,inverter111,9f6d7463-b401-455e-8377-eab98a6efd45
Terborg,voltatge,,string3,string,5a15ad03-8294-44b2-824d-9c46bc25fbcd,inverter111,1eca74a8-51ac-43ae-873c-c31d968315ce
Terborg,voltatge,,string4,string,fcb26360-bfef-4082-8b26-adfb4e093fe8,inverter111,a39eda89-8031-4c56-8d01-a568b7a5e845
Terborg,voltatge,,string5,string,6a19caae-a254-47e2-970a-6c3e5ef1eea4,inverter111,ede62218-de73-4be4-9390-f1f4cfcafc19
Terborg,voltatge,,string6,string,0750aef9-2863-480f-a705-fc360665d621,inverter111,3e37f83e-4d9a-490e-b0e6-3cca8c6f3953
Terborg,voltatge,,string7,string,1e92a5c2-9e8b-4f38-9b03-1c440ca4e218,inverter111,43c3d53e-1f41-4dcf-bd8a-0b65a4d8d1ae
Terborg,voltatge,,string8,string,b3cc5859-798f-4d76-a9cb-acdcd330c59b,inverter111,022538c7-1a06-4b9b-982d-4c68b9faa71d
Terborg,potencia_activa,,inverter112,inverter,6b2c3db1-0eb7-430d-9dba-043ada6fb79a,,fc6597a0-cc7f-4464-a002-c074f990ab49
Terborg,frequencia,,inverter112,inverter,6b2c3db1-0eb7-430d-9dba-043ada6fb79a,,99fc4127-1005-4558-988a-3ddb8f96851c
Terborg,energia,inverter_energy,inverter112,inverter,6b2c3db1-0eb7-430d-9dba-043ada6fb79a,,5faf8647-14d7-4a7f-830f-2f058621a924
Terborg,energia_total,,inverter112,inverter,6b2c3db1-0eb7-430d-9dba-043ada6fb79a,,3f82c37b-5eb0-4aa3-9788-b07c12e00e07
Terborg,temperatura_mitjana,,inverter112,inverter,6b2c3db1-0eb7-430d-9dba-043ada6fb79a,,77afcea9-9046-4f95-bcac-69b8dbeb6d34
Terborg,Vr_BT,,inverter112,inverter,6b2c3db1-0eb7-430d-9dba-043ada6fb79a,,0ce33304-1093-43c4-97ba-99acdbd43e55
Terborg,Vs_BT,,inverter112,inverter,6b2c3db1-0eb7-430d-9dba-043ada6fb79a,,339bb2c7-7bbf-4e96-bba0-89835fdaaac8
Terborg,Vt_BT,,inverter112,inverter,6b2c3db1-0eb7-430d-9dba-043ada6fb79a,,18843796-0d85-4665-a6cf-144f48f549a0
Terborg,Ir_BT,,inverter112,inverter,6b2c3db1-0eb7-430d-9dba-043ada6fb79a,,ec525dee-b099-4936-9f13-af1f20f8d206
Terborg,Is_BT,,inverter112,inverter,6b2c3db1-0eb7-430d-9dba-043ada6fb79a,,2cf8022a-8119-49ef-a706-9a332ab678e0
Terborg,It_BT,,inverter112,inverter,6b2c3db1-0eb7-430d-9dba-043ada6fb79a,,26f384a3-4a36-4f4f-930f-706fc0528cc6
Terborg,intensitat,,string1,string,ffd57da1-1aa2-4215-aad0-13d5e63f94e0,inverter112,6cb1bff7-3a78-40bd-9a68-54272b789698
Terborg,intensitat,,string2,string,4bc5987c-ed6a-4bf7-bbe4-92bfb82a7220,inverter112,8635c4fc-89de-4770-ad65-f6e9e4346707
Terborg,intensitat,,string3,string,f2592f41-ec10-417c-bf67-aea5db320a34,inverter112,6e405203-949a-4173-b782-d6c66557cf0c
Terborg,intensitat,,string4,string,6338afdd-7377-4ce2-9d34-7d433220bea1,inverter112,58fa2e6d-83bd-4496-a69d-2b04fbf1f0d5
Terborg,intensitat,,string5,string,4dafb902-e481-4709-be99-af77ecf9fd83,inverter112,beea0bf9-062d-49a8-b56a-7d0d723e2e75
Terborg,intensitat,,string6,string,237005ac-67bf-40b0-bce4-c1ba82028354,inverter112,c44b8d27-8fa1-4d10-be57-9d11f265add9
Terborg,intensitat,,string7,string,e0ab6e51-d88f-41fd-aeba-5ff72ac2cbe5,inverter112,4da4ba2d-a9b9-46bf-924a-c9f587f6f326
Terborg,intensitat,,string8,string,fcb63c99-f3a1-4239-90e4-81e614cabac2,inverter112,56c52421-041b-448c-9c4a-bd60f8ff26b4
Terborg,voltatge,,string1,string,ffd57da1-1aa2-4215-aad0-13d5e63f94e0,inverter112,e1e253f5-1d15-459d-a922-864197c216ea
Terborg,voltatge,,string2,string,4bc5987c-ed6a-4bf7-bbe4-92bfb82a7220,inverter112,e252665c-f942-4cb6-989a-ccbcca788335
Terborg,voltatge,,string3,string,f2592f41-ec10-417c-bf67-aea5db320a34,inverter112,db64f196-197d-4d80-a0a5-a09b2a5180e0
Terborg,voltatge,,string4,string,6338afdd-7377-4ce2-9d34-7d433220bea1,inverter112,7a97ca97-d7e9-4dd7-9e5b-c13b5f4595b7
Terborg,voltatge,,string5,string,4dafb902-e481-4709-be99-af77ecf9fd83,inverter112,9a7cb288-8905-4b2d-ba5b-2d9b2b501a0e
Terborg,voltatge,,string6,string,237005ac-67bf-40b0-bce4-c1ba82028354,inverter112,eecbf8d4-0e3d-4bf3-bb10-09c6f16ed5b8
Terborg,voltatge,,string7,string,e0ab6e51-d88f-41fd-aeba-5ff72ac2cbe5,inverter112,58b2ddb6-146f-42d4-b43f-863bada2272a
Terborg,voltatge,,string8,string,fcb63c99-f3a1-4239-90e4-81e614cabac2,inverter112,1eeb307c-7c95-42f5-8d83-fd5cb1210a6f
Terborg,potencia_activa,,inverter113,inverter,0177a832-1a62-446a-9a56-8c582c42443d,,665d3198-bc65-4aaf-9b31-dc2632a6775b
Terborg,frecuencia,,inverter113,inverter,0177a832-1a62-446a-9a56-8c582c42443d,,4de356ab-0602-4db6-8ba9-37e7cdfb0d48
Terborg,energia,inverter_energy,inverter113,inverter,0177a832-1a62-446a-9a56-8c582c42443d,,90cb50fc-d2ff-40f3-ad04-8434efe81ef2
Terborg,energia_total,,inverter113,inverter,0177a832-1a62-446a-9a56-8c582c42443d,,39b4fb70-13e6-4dcf-937a-6d2603835f28
Terborg,temperatura_mitjana,,inverter113,inverter,0177a832-1a62-446a-9a56-8c582c42443d,,60c457b1-7403-48c3-9e04-af53568209ee
Terborg,Vr_BT,,inverter113,inverter,0177a832-1a62-446a-9a56-8c582c42443d,,6e821878-0d94-4339-9326-7aac4c655231
Terborg,Vs_BT,,inverter113,inverter,0177a832-1a62-446a-9a56-8c582c42443d,,b5a3e4a6-ff7d-4d30-9583-640120794ac8
Terborg,Vt_BT,,inverter113,inverter,0177a832-1a62-446a-9a56-8c582c42443d,,824753df-9936-4282-833c-75a00dd25f85
Terborg,Ir_BT,,inverter113,inverter,0177a832-1a62-446a-9a56-8c582c42443d,,446beb87-4f76-4ab2-89db-8865af5184b9
Terborg,Is_BT,,inverter113,inverter,0177a832-1a62-446a-9a56-8c582c42443d,,40784873-e953-412a-b24c-679b703cebf5
Terborg,It_BT,,inverter113,inverter,0177a832-1a62-446a-9a56-8c582c42443d,,131ae52f-24c0-4529-96e7-17a395827c4c
Terborg,intensitat,,string1,string,036131fd-ea03-4b3d-aa08-817d491e3214,inverter113,a01324b3-0023-44aa-8c9c-0b81f9a199b0
Terborg,intensitat,,string2,string,e76cdfa0-8a96-434f-8682-f8c446098852,inverter113,e98da4a5-f094-45d7-a80d-86a5b1eddc0a
Terborg,intensitat,,string3,string,be3e55a2-05f0-4e21-8504-73bd6985d3b3,inverter113,694ceb46-4d05-4b27-801f-f724858fe575
Terborg,intensitat,,string4,string,c53a3aed-08f0-4b97-a2aa-261572bb7c7f,inverter113,3804ee3f-c798-4a5e-8369-3badc54ae718
Terborg,intensitat,,string5,string,35128d88-1811-4cbf-8d98-b85ba3b61f98,inverter113,431e4326-d2bd-4da8-b891-4dd74b7bb4b5
Terborg,intensitat,,string6,string,ca93c095-168e-430b-97bb-5a3ac926189c,inverter113,7ac25eb1-3367-40f5-a417-83bda1d82d37
Terborg,intensitat,,string7,string,210150d0-e660-4ac8-9743-87ea853c24b6,inverter113,7409e4b7-1266-4477-a1dd-1e2f18d34bb2
Terborg,intensitat,,string8,string,792d6318-9cc1-49d9-b9c5-ab547ced01d0,inverter113,9bbad353-0020-455d-811b-069ff0112a1c
Terborg,voltatge,,string1,string,036131fd-ea03-4b3d-aa08-817d491e3214,inverter113,79fa0062-794b-4fcf-8856-2f2c97b19710
Terborg,voltatge,,string2,string,e76cdfa0-8a96-434f-8682-f8c446098852,inverter113,4899dc28-a03b-46c6-9370-158ca08568ee
Terborg,voltatge,,string3,string,be3e55a2-05f0-4e21-8504-73bd6985d3b3,inverter113,03c8cf14-b64d-4451-a4bf-e0d2b0aa9fbd
Terborg,voltatge,,string4,string,c53a3aed-08f0-4b97-a2aa-261572bb7c7f,inverter113,e66923ec-4daa-4cb8-ac3a-3e682abd866d
Terborg,voltatge,,string5,string,35128d88-1811-4cbf-8d98-b85ba3b61f98,inverter113,acc74ee6-b669-4dd1-976a-a92f8abecb56
Terborg,voltatge,,string6,string,ca93c095-168e-430b-97bb-5a3ac926189c,inverter113,97dd894e-db46-4c08-af5c-85673f61d2d9
Terborg,voltatge,,string7,string,210150d0-e660-4ac8-9743-87ea853c24b6,inverter113,7e9cd93c-d53b-480d-aac1-e9ea4be51752
Terborg,voltatge,,string8,string,792d6318-9cc1-49d9-b9c5-ab547ced01d0,inverter113,da6b2229-161e-4590-8ba3-d00d7e8c19ea
Terborg,potencia_activa,,inverter114,inverter,a85b9e21-a477-45b7-9b60-440f33c1fb41,,7563653c-35cd-418c-b5b7-1fd71d6d19d3
Terborg,frecuencia,,inverter114,inverter,a85b9e21-a477-45b7-9b60-440f33c1fb41,,d58e9b26-6439-49c0-8466-48dd3a2d3574
Terborg,energia,inverter_energy,inverter114,inverter,a85b9e21-a477-45b7-9b60-440f33c1fb41,,c704e318-a376-4137-acd9-0af43649623e
Terborg,energia_total,,inverter114,inverter,a85b9e21-a477-45b7-9b60-440f33c1fb41,,79475700-9b1b-499d-9b1e-65307604a1c1
Terborg,temperatura_mitjana,,inverter114,inverter,a85b9e21-a477-45b7-9b60-440f33c1fb41,,d6fe80e6-74e3-44d2-b284-428ecdc9c325
Terborg,Vr_BT,,inverter114,inverter,a85b9e21-a477-45b7-9b60-440f33c1fb41,,4031d0f9-c82f-4913-8464-0f1df66b1bbc
Terborg,Vs_BT,,inverter114,inverter,a85b9e21-a477-45b7-9b60-440f33c1fb41,,a0afc536-a63c-4c54-8e45-5ab3e27e430e
Terborg,Vt_BT,,inverter114,inverter,a85b9e21-a477-45b7-9b60-440f33c1fb41,,a01e4f94-eda1-4b88-80f0-be6e51b2dd09
Terborg,Ir_BT,,inverter114,inverter,a85b9e21-a477-45b7-9b60-440f33c1fb41,,e878155b-2fbe-4027-857b-3c0a11104dfc
Terborg,Is_BT,,inverter114,inverter,a85b9e21-a477-45b7-9b60-440f33c1fb41,,19e0513d-9ecb-4204-b054-d200190587e6
Terborg,It_BT,,inverter114,inverter,a85b9e21-a477-45b7-9b60-440f33c1fb41,,1f53c79c-6612-43d6-8387-70e539ef3856
Terborg,intensitat,,string1,string,5b194d8a-ff35-4a82-b6cb-07a9a44b4036,inverter114,5867a12a-2741-4818-a65f-9a41cb86ff85
Terborg,intensitat,,string2,string,44637a34-39ab-4e53-95eb-1b55d4a5d8e2,inverter114,11a19c1f-0c6d-4c5d-bc04-076c07f01aac
Terborg,intensitat,,string3,string,050e58e4-5977-4da1-bc22-c2a876861d0a,inverter114,e413838b-50fa-4021-a021-b2462959a0ed
Terborg,intensitat,,string4,string,0c0b8d42-b711-4feb-b80b-97638fed5b4a,inverter114,8ca35467-b7e1-416b-917a-d1a1545d57ac
Terborg,intensitat,,string5,string,970d46b9-dbed-4a9d-83fb-c3225b47f1d9,inverter114,f515d9d2-ba1c-4b02-a95e-2eec9e19e6fe
Terborg,intensitat,,string6,string,59937d03-effc-40fa-aa1a-3ad87216d3dc,inverter114,6851a3ba-1dea-4b24-8dbc-0938f3066fc2
Terborg,intensitat,,string7,string,75996e64-01ac-40e8-8d6c-d2186da7c4d6,inverter114,51abd5d1-fa58-405c-bc65-2efc4d36d507
Terborg,intensitat,,string8,string,68e5fa3a-40e7-4329-913a-ee0abbfa1584,inverter114,a5e96cf8-7de4-4fcc-bf70-8b428d281f36
Terborg,voltatge,,string1,string,5b194d8a-ff35-4a82-b6cb-07a9a44b4036,inverter114,2df6fea4-e8d0-476d-845b-77c0f9b76190
Terborg,voltatge,,string2,string,44637a34-39ab-4e53-95eb-1b55d4a5d8e2,inverter114,3aebe6fe-1b71-4132-a88d-5889247f496c
Terborg,voltatge,,string3,string,050e58e4-5977-4da1-bc22-c2a876861d0a,inverter114,6196f3b9-2e8a-4d4a-9899-5e46c3e4d02d
Terborg,voltatge,,string4,string,0c0b8d42-b711-4feb-b80b-97638fed5b4a,inverter114,7d3581d8-3b58-4cdd-a9f9-e6ad713e432c
Terborg,voltatge,,string5,string,970d46b9-dbed-4a9d-83fb-c3225b47f1d9,inverter114,b6fdacc5-643a-4331-a169-16ace5ffc138
Terborg,voltatge,,string6,string,59937d03-effc-40fa-aa1a-3ad87216d3dc,inverter114,d402d7f5-0036-4f5d-abfb-61de1848b72e
Terborg,voltatge,,string7,string,75996e64-01ac-40e8-8d6c-d2186da7c4d6,inverter114,13afc40e-df0c-44c4-a5c0-6ea5a43f7293
Terborg,voltatge,,string8,string,68e5fa3a-40e7-4329-913a-ee0abbfa1584,inverter114,4a7fe7a0-aee9-4754-a5e5-d06a8c87aa4c
Terborg,potencia_activa,,inverter121,inverter,80a3051f-690a-4e9b-b7f1-50bb9d16e7b1,,a78aa6a3-86dc-4abb-bea1-6c1af95fb5aa
Terborg,frecuencia,,inverter121,inverter,80a3051f-690a-4e9b-b7f1-50bb9d16e7b1,,b3be23f7-e973-4a2a-8a68-54ca55e35a94
Terborg,energia,inverter_energy,inverter121,inverter,80a3051f-690a-4e9b-b7f1-50bb9d16e7b1,,e6a8f87e-37e0-400e-be49-80343804c8de
Terborg,energia_total,,inverter121,inverter,80a3051f-690a-4e9b-b7f1-50bb9d16e7b1,,0afe7d93-5a73-40ca-b84b-53e21529543d
Terborg,temperatura_mitjana,,inverter121,inverter,80a3051f-690a-4e9b-b7f1-50bb9d16e7b1,,913dc30a-5feb-4bb7-af1a-29a12f6b9cea
Terborg,Vr_BT,,inverter121,inverter,80a3051f-690a-4e9b-b7f1-50bb9d16e7b1,,52b7d65b-c87e-4063-adc4-c9a79fd5520d
Terborg,Vs_BT,,inverter121,inverter,80a3051f-690a-4e9b-b7f1-50bb9d16e7b1,,d5a103e1-0760-417c-9b83-9298b6376fff
Terborg,Vt_BT,,inverter121,inverter,80a3051f-690a-4e9b-b7f1-50bb9d16e7b1,,1a82a821-cde4-461b-af97-31dc18cdc253
Terborg,Ir_BT,,inverter121,inverter,80a3051f-690a-4e9b-b7f1-50bb9d16e7b1,,113815ce-4a89-43ac-a1eb-bd305c805ee5
Terborg,Is_BT,,inverter121,inverter,80a3051f-690a-4e9b-b7f1-50bb9d16e7b1,,b7962687-34b8-4eef-814a-06c58264978a
Terborg,It_BT,,inverter121,inverter,80a3051f-690a-4e9b-b7f1-50bb9d16e7b1,,8a39d7be-0215-4444-975f-22fa7a0e5b4f
Terborg,intensitat,,string1,string,a46948e0-54ea-4a15-bc04-24ef20c3074a,inverter121,54069eaa-7011-41f3-b157-4d65e4c57f6b
Terborg,intensitat,,string2,string,dd63cadb-a1b2-4b83-aa2e-a44d4e24abe8,inverter121,b4b022dc-951c-4f57-8bf7-6b528a229dc6
Terborg,intensitat,,string3,string,250a4c83-355a-41c0-8b3d-69065c2595b0,inverter121,dc82b3c2-4a04-4dc7-91ef-10880822728d
Terborg,intensitat,,string4,string,125de637-c2a4-480f-a254-01d677593205,inverter121,9561654d-5a84-4640-b87c-caa49491c6b0
Terborg,intensitat,,string5,string,8dfb29d0-df42-4de5-afd6-48581aad8584,inverter121,2538ff00-0450-4c75-b3bf-233800915b28
Terborg,intensitat,,string6,string,d142bb15-62e4-4d33-b3d1-ab88a9dad5d4,inverter121,a4a92f40-fbd6-4551-adca-f1eea090cd71
Terborg,intensitat,,string7,string,52bfe96b-0ae6-4114-a8da-4ca87f1b442e,inverter121,2d9de071-f412-4e4f-af9d-4ed5ad1b8657
Terborg,intensitat,,string8,string,c2a00d63-0e20-4431-aaab-455c7db93cd0,inverter121,d1f754a8-d330-4117-b00c-26b716529f3d
Terborg,voltatge,,string1,string,a46948e0-54ea-4a15-bc04-24ef20c3074a,inverter121,8c579e40-95e9-4a2b-ba3e-e8bb2255a82d
Terborg,voltatge,,string2,string,dd63cadb-a1b2-4b83-aa2e-a44d4e24abe8,inverter121,4f0fdf99-caa3-4319-90a7-f69fc7d523e7
Terborg,voltatge,,string3,string,250a4c83-355a-41c0-8b3d-69065c2595b0,inverter121,bdd9e285-5ff4-47a1-b749-d88bfff8fa5b
Terborg,voltatge,,string4,string,125de637-c2a4-480f-a254-01d677593205,inverter121,058ab57c-119f-4a52-83b0-aab6542c8a53
Terborg,voltatge,,string5,string,8dfb29d0-df42-4de5-afd6-48581aad8584,inverter121,36060b02-e98f-446b-86b8-3d16bf4d41fc
Terborg,voltatge,,string6,string,d142bb15-62e4-4d33-b3d1-ab88a9dad5d4,inverter121,435b9382-1181-4cc9-a0b9-a2146bd806b5
Terborg,voltatge,,string7,string,52bfe96b-0ae6-4114-a8da-4ca87f1b442e,inverter121,dfa517f3-c4ab-48fc-94e8-4ffda7c90099
Terborg,voltatge,,string8,string,c2a00d63-0e20-4431-aaab-455c7db93cd0,inverter121,f074d074-8d7b-4e0a-b11e-3f293848c359
Terborg,potencia_activa,,inverter122,inverter,f5d989e1-2188-4b27-8e60-b7d3d0bb04bb,,309e2b80-d91e-4e2f-a7ec-ce61d50b07d7
Terborg,frecuencia,,inverter122,inverter,f5d989e1-2188-4b27-8e60-b7d3d0bb04bb,,224cccb3-0d02-44eb-bc4d-399e28d8a560
Terborg,energia,inverter_energy,inverter122,inverter,f5d989e1-2188-4b27-8e60-b7d3d0bb04bb,,2e09fcfe-222f-47d6-abf1-3e91d305f151
Terborg,energia_total,,inverter122,inverter,f5d989e1-2188-4b27-8e60-b7d3d0bb04bb,,3ee4be70-8169-4791-9095-f37545f14d34
Terborg,temperatura_mitjana,,inverter122,inverter,f5d989e1-2188-4b27-8e60-b7d3d0bb04bb,,cac46afe-d031-46be-b076-0a076d2466dc
Terborg,Vr_BT,,inverter122,inverter,f5d989e1-2188-4b27-8e60-b7d3d0bb04bb,,e1df31c8-0e56-4e98-92c1-ab2058827b0c
Terborg,Vs_BT,,inverter122,inverter,f5d989e1-2188-4b27-8e60-b7d3d0bb04bb,,6a1082e8-a764-4e2b-a5b9-a629752a2470
Terborg,Vt_BT,,inverter122,inverter,f5d989e1-2188-4b27-8e60-b7d3d0bb04bb,,eb103767-4e07-42b5-8554-ec0b9e56d366
Terborg,Ir_BT,,inverter122,inverter,f5d989e1-2188-4b27-8e60-b7d3d0bb04bb,,dfec9162-0a96-48ef-ac97-59338616c5a2
Terborg,Is_BT,,inverter122,inverter,f5d989e1-2188-4b27-8e60-b7d3d0bb04bb,,b3ee916e-ee3a-4dad-b118-0ecd28a2ad2b
Terborg,It_BT,,inverter122,inverter,f5d989e1-2188-4b27-8e60-b7d3d0bb04bb,,6cb7c293-3d0e-41b6-9ca3-6dd05214ff2d
Terborg,intensitat,,string1,string,2ada8c0e-f0c3-4f67-9967-d785d3cbc96c,inverter122,68afbc79-ea07-4f75-8091-79cc57d61523
Terborg,intensitat,,string2,string,4160f40f-9594-4fdb-bec5-876eb1f7bd7d,inverter122,522f798c-1c26-401f-836d-4d21d1a57e67
Terborg,intensitat,,string3,string,407da8ef-4d37-46dd-b01e-8a1cb4d6e473,inverter122,ba1659f8-6aa8-4925-aab6-8cf54a30dfbe
Terborg,intensitat,,string4,string,aebdb1da-f64d-41fd-8ad9-bf8496b72a5e,inverter122,264db0ba-3d88-4421-8a44-288ec3c908b6
Terborg,intensitat,,string5,string,20708ea4-7af2-4002-8160-3e4c71d781a3,inverter122,fb9bece8-4e29-4a40-8c2a-b7eca1f9e3ea
Terborg,intensitat,,string6,string,98a9bf83-0496-4152-929b-2c1f5cdaafb4,inverter122,a86bafca-9c01-49a7-bb96-f909140945fb
Terborg,intensitat,,string7,string,d6929352-9bfb-419d-b17a-2aaa70b40c96,inverter122,3871949c-68dc-4c7b-8b6a-ce79674524f6
Terborg,intensitat,,string8,string,5113bac4-bc01-409b-a2f2-b588d761966b,inverter122,e8d81aa0-2631-4b02-80ea-9ce8864d3271
Terborg,voltatge,,string1,string,2ada8c0e-f0c3-4f67-9967-d785d3cbc96c,inverter122,b24fe46b-2fd7-4368-82d5-20c11982b89b
Terborg,voltatge,,string2,string,4160f40f-9594-4fdb-bec5-876eb1f7bd7d,inverter122,ca99b61f-2a19-4654-a53e-e4cbe0c24c57
Terborg,voltatge,,string3,string,407da8ef-4d37-46dd-b01e-8a1cb4d6e473,inverter122,e5e372b6-9fe6-4f82-86b3-7c3082eee152
Terborg,voltatge,,string4,string,aebdb1da-f64d-41fd-8ad9-bf8496b72a5e,inverter122,3433f64b-3d40-4a32-84b7-3debcbd319b6
Terborg,voltatge,,string5,string,20708ea4-7af2-4002-8160-3e4c71d781a3,inverter122,e281462b-a4d3-46a9-9c96-b850a53d0b5c
Terborg,voltatge,,string6,string,98a9bf83-0496-4152-929b-2c1f5cdaafb4,inverter122,a95909c7-f6e5-4e64-a14f-e334ac4d8fac
Terborg,voltatge,,string7,string,d6929352-9bfb-419d-b17a-2aaa70b40c96,inverter122,d710d013-216d-4956-b7da-bc072f3f6bc6
Terborg,voltatge,,string8,string,5113bac4-bc01-409b-a2f2-b588d761966b,inverter122,04c27800-55dc-422d-9570-2b23e5b82eb5
Terborg,potencia_activa,,inverter123,inverter,d7da751b-c9e6-4574-8ab0-b02f0298d730,,563fea01-0d7c-4e14-8e2a-4123e76886ee
Terborg,frecuencia,,inverter123,inverter,d7da751b-c9e6-4574-8ab0-b02f0298d730,,adb0ebac-c073-4933-9872-39d99f3adfeb
Terborg,energia,inverter_energy,inverter123,inverter,d7da751b-c9e6-4574-8ab0-b02f0298d730,,b7d0d275-c622-4feb-bc29-de8a20b11f07
Terborg,energia_total,,inverter123,inverter,d7da751b-c9e6-4574-8ab0-b02f0298d730,,a7c174bb-aef9-4dee-9078-3817a241ca2f
Terborg,temperatura_mitjana,,inverter123,inverter,d7da751b-c9e6-4574-8ab0-b02f0298d730,,5bfd1c88-58f8-431d-a85b-1c0845d0f9e1
Terborg,Vr_BT,,inverter123,inverter,d7da751b-c9e6-4574-8ab0-b02f0298d730,,dededb53-d81f-4f36-8c66-d9f8077c1139
Terborg,Vs_BT,,inverter123,inverter,d7da751b-c9e6-4574-8ab0-b02f0298d730,,918b6227-e442-4d3f-bc1c-53ed0561596c
Terborg,Vt_BT,,inverter123,inverter,d7da751b-c9e6-4574-8ab0-b02f0298d730,,40fba78d-6158-4413-9d0f-f1cb11154f23
Terborg,Ir_BT,,inverter123,inverter,d7da751b-c9e6-4574-8ab0-b02f0298d730,,775ee180-ff61-41f4-a0c0-cc7abdeea78c
Terborg,Is_BT,,inverter123,inverter,d7da751b-c9e6-4574-8ab0-b02f0298d730,,fb2f1b45-3d38-4e71-ab07-b7b5bbc8299c
Terborg,It_BT,,inverter123,inverter,d7da751b-c9e6-4574-8ab0-b02f0298d730,,dd46c47b-2feb-4feb-a5c2-7509c31b05f3
Terborg,intensitat,,string1,string,94c57e4c-7568-4da0-b4b1-171fdd1dfdc6,inverter123,9a7d0c2e-130c-42fa-9640-bd07126aa73f
Terborg,intensitat,,string2,string,3f772a89-043a-4313-bc8d-849f8132ee66,inverter123,0364143f-5cb0-4c71-82bf-91233a80c598
Terborg,intensitat,,string3,string,dde77f89-9afd-428b-ba85-e4db43e5dac9,inverter123,bb1cc1d1-b7ab-4dab-8582-4c47c3b7d3d2
Terborg,intensitat,,string4,string,a673cab0-a9ea-4d7b-8475-fd526203301c,inverter123,fe09b82d-68b2-4470-84e2-48f21e730239
Terborg,intensitat,,string5,string,6a7f4659-723f-4c04-9c9c-9ea544c75cae,inverter123,80867b0d-d3c1-4bdb-8871-4d212605bcee
Terborg,intensitat,,string6,string,c41e2646-0ab9-4532-a204-64272a00e7e5,inverter123,11c4cacc-72b7-4dd7-8174-a3735f290d5b
Terborg,intensitat,,string7,string,b6d47fe9-66cc-43ea-a19a-472507823768,inverter123,53310785-28eb-4871-85a7-73ae69bed730
Terborg,intensitat,,string8,string,5092877f-09c6-4086-b9b1-070fb923553f,inverter123,bfd8ebf8-9306-497c-8496-c5ff58f02dba
Terborg,voltatge,,string1,string,94c57e4c-7568-4da0-b4b1-171fdd1dfdc6,inverter123,567877c4-febb-4222-9c67-53c770ee1628
Terborg,voltatge,,string2,string,3f772a89-043a-4313-bc8d-849f8132ee66,inverter123,c6ca437f-6b6e-48d7-ba13-643a80d92a92
Terborg,voltatge,,string3,string,dde77f89-9afd-428b-ba85-e4db43e5dac9,inverter123,2eb77490-7b9e-44eb-9b40-c950bd93d3ab
Terborg,voltatge,,string4,string,a673cab0-a9ea-4d7b-8475-fd526203301c,inverter123,4493eec6-6c86-42c2-b7ff-2b3e9fc7faa0
Terborg,voltatge,,string5,string,6a7f4659-723f-4c04-9c9c-9ea544c75cae,inverter123,a409bbeb-0a16-4c51-b5c7-524913ce98cc
Terborg,voltatge,,string6,string,c41e2646-0ab9-4532-a204-64272a00e7e5,inverter123,64ee2cfd-54e5-4691-88e3-03717105b41f
Terborg,voltatge,,string7,string,b6d47fe9-66cc-43ea-a19a-472507823768,inverter123,0e41b865-f68f-42d1-844b-2bc73b54bebe
Terborg,voltatge,,string8,string,5092877f-09c6-4086-b9b1-070fb923553f,inverter123,345febc5-02c3-4563-97b7-9028160d5d78
Terborg,potencia_activa,,inverter124,inverter,a50bd5d5-9845-4c66-8c77-0a8cf0c566ed,,72f64f74-2b6a-4b24-8839-eb0a51ce64f3
Terborg,frecuencia,,inverter124,inverter,a50bd5d5-9845-4c66-8c77-0a8cf0c566ed,,52e47b5b-a8b8-4729-aed8-bcaf0abd0e5e
Terborg,energia,inverter_energy,inverter124,inverter,a50bd5d5-9845-4c66-8c77-0a8cf0c566ed,,1c2fcc52-9913-4808-8ae7-314880bf267b
Terborg,energia_total,,inverter124,inverter,a50bd5d5-9845-4c66-8c77-0a8cf0c566ed,,73ff56c3-70d9-4c01-9939-e11a43ab63a4
Terborg,temperatura_mitjana,,inverter124,inverter,a50bd5d5-9845-4c66-8c77-0a8cf0c566ed,,d1dfb97e-6a6a-4f83-b542-6cde61c86314
Terborg,Vr_BT,,inverter124,inverter,a50bd5d5-9845-4c66-8c77-0a8cf0c566ed,,5b13aaf4-bd4f-4ed4-8d91-7a36fdcdcf59
Terborg,Vs_BT,,inverter124,inverter,a50bd5d5-9845-4c66-8c77-0a8cf0c566ed,,c9a6a313-67d8-4e81-8c3c-159772980c16
Terborg,Vt_BT,,inverter124,inverter,a50bd5d5-9845-4c66-8c77-0a8cf0c566ed,,63989441-dbfd-4160-8613-ac0fbe8be8a1
Terborg,Ir_BT,,inverter124,inverter,a50bd5d5-9845-4c66-8c77-0a8cf0c566ed,,46964390-6602-40e5-8f9f-86463f915c19
Terborg,Is_BT,,inverter124,inverter,a50bd5d5-9845-4c66-8c77-0a8cf0c566ed,,34d46cb7-3f98-4ea4-a31a-8ba8cc620226
Terborg,It_BT,,inverter124,inverter,a50bd5d5-9845-4c66-8c77-0a8cf0c566ed,,a8c2f3df-2e1d-4cd1-8aab-7f66e886a367
Terborg,intensitat,,string1,string,e874b915-e736-4837-afd5-bb2751454814,inverter124,26ef74ad-6ca6-4bd0-bb80-30b0aa268777
Terborg,intensitat,,string2,string,968df660-bba4-4755-87a0-55a982869bc4,inverter124,6643470d-7bce-4c28-b8d2-16bed0463cf3
Terborg,intensitat,,string3,string,39169186-1e6f-4ae2-9437-35881eed75d4,inverter124,6b9af938-11e9-42e9-beb8-0ce374622e00
Terborg,intensitat,,string4,string,255b3b0d-2f01-4c4c-9a4c-18c75598bd83,inverter124,dfa37fe6-d57b-430c-b0b7-e56dc87f88f7
Terborg,intensitat,,string5,string,d88eabb0-c843-4cf8-a2d6-c4645cf22192,inverter124,e53fb1e5-d580-4af5-a3fa-833ea7f82503
Terborg,intensitat,,string6,string,3aca2635-bbac-4579-914f-0edeb8474e6b,inverter124,7171f04c-4f76-4257-8512-a55b66fa65a6
Terborg,intensitat,,string7,string,44d93950-5fe3-473f-8801-93d82c2480ce,inverter124,06411af4-02ab-44ec-9eb3-4c45bfdf5f22
Terborg,intensitat,,string8,string,34bdcc5a-bcbf-4be7-afeb-ddccad063a6a,inverter124,4429b1ff-3a0a-4752-a9d3-0707f0471be5
Terborg,voltatge,,string1,string,e874b915-e736-4837-afd5-bb2751454814,inverter124,3b952429-0e05-41dc-8956-5ad3adb6ff07
Terborg,voltatge,,string2,string,968df660-bba4-4755-87a0-55a982869bc4,inverter124,ce11248f-04f3-42fc-b1a0-04069e7aa615
Terborg,voltatge,,string3,string,39169186-1e6f-4ae2-9437-35881eed75d4,inverter124,27f87811-7f20-41f8-b896-afa632e9d1e0
Terborg,voltatge,,string4,string,255b3b0d-2f01-4c4c-9a4c-18c75598bd83,inverter124,ace312ec-e256-49f8-868a-02ca0a5f6075
Terborg,voltatge,,string5,string,d88eabb0-c843-4cf8-a2d6-c4645cf22192,inverter124,d6886dcb-a7f2-4e4d-9089-be3ddb204c0f
Terborg,voltatge,,string6,string,3aca2635-bbac-4579-914f-0edeb8474e6b,inverter124,1bc96107-bf8f-4011-a124-cc0585bdc432
Terborg,voltatge,,string7,string,44d93950-5fe3-473f-8801-93d82c2480ce,inverter124,15453389-5523-4afc-8da0-573332cbcbd6
Terborg,voltatge,,string8,string,34bdcc5a-bcbf-4be7-afeb-ddccad063a6a,inverter124,cc20534a-e4ca-4b8a-8e84-1de537b634fb
Terborg,potencia_activa,,inverter131,inverter,fc1dcbbc-5c7d-4cad-a5b2-aca2a9c620a7,,f0c86790-5dbd-4081-a75e-67642eb17f96
Terborg,frecuencia,,inverter131,inverter,fc1dcbbc-5c7d-4cad-a5b2-aca2a9c620a7,,d2f6bca0-34b8-4c3e-9442-02514ae1a62c
Terborg,energia,inverter_energy,inverter131,inverter,fc1dcbbc-5c7d-4cad-a5b2-aca2a9c620a7,,ae7c4c9f-c127-44bf-b682-bc860c0a883f
Terborg,energia_total,,inverter131,inverter,fc1dcbbc-5c7d-4cad-a5b2-aca2a9c620a7,,3f56598d-b461-4b1f-ba6d-ef5d8cea7b98
Terborg,temperatura_mitjana,,inverter131,inverter,fc1dcbbc-5c7d-4cad-a5b2-aca2a9c620a7,,642858fe-0c72-42b9-b098-d0fe251c9e21
Terborg,Vr_BT,,inverter131,inverter,fc1dcbbc-5c7d-4cad-a5b2-aca2a9c620a7,,044fe991-55a7-4622-a66d-57b325fba3b3
Terborg,Vs_BT,,inverter131,inverter,fc1dcbbc-5c7d-4cad-a5b2-aca2a9c620a7,,d492bde4-5533-419c-92e4-fbe08f5e25d8
Terborg,Vt_BT,,inverter131,inverter,fc1dcbbc-5c7d-4cad-a5b2-aca2a9c620a7,,06ac2901-3190-432f-8ee7-d34b15f529a8
Terborg,Ir_BT,,inverter131,inverter,fc1dcbbc-5c7d-4cad-a5b2-aca2a9c620a7,,1b7269f0-1d2b-4c5c-8276-c77f028c703d
Terborg,Is_BT,,inverter131,inverter,fc1dcbbc-5c7d-4cad-a5b2-aca2a9c620a7,,de4a0656-79b8-4e8a-8296-81ec5dd9d917
Terborg,It_BT,,inverter131,inverter,fc1dcbbc-5c7d-4cad-a5b2-aca2a9c620a7,,a6f1b7b7-2a61-482e-b85b-54a9310c00d2
Terborg,intensitat,,string1,string,770339e1-9003-49e4-a505-eb492ce95fd0,inverter131,ff9d4a61-59a1-4b7e-8d43-fd8c4dd096bf
Terborg,intensitat,,string2,string,c4fc1547-b283-4223-a7da-6b18401fab71,inverter131,8b2bc988-2bf0-4c5b-a340-8b4620d87014
Terborg,intensitat,,string3,string,264157ad-f111-432b-ad0d-ab179d2e36fd,inverter131,07f9e0c3-671c-43c9-ae39-3010bb386374
Terborg,intensitat,,string4,string,22ccc2ac-f5c8-4478-9786-1965f7b00695,inverter131,e2665358-910b-435b-89d9-465b771db7c4
Terborg,intensitat,,string5,string,5b12058b-bf0d-48ba-8822-4ec2ce41986c,inverter131,be244cd8-ce8e-4d7f-92ab-3ee434d353ec
Terborg,intensitat,,string6,string,84fa92b6-eb0d-4a1a-9b35-f0dd4d52d6e1,inverter131,962eb301-7bdb-4060-a129-2c45cceeadc3
Terborg,intensitat,,string7,string,db9ba0b2-d4a2-4750-b092-fb33c8660048,inverter131,683642bc-85ac-42db-943f-b16eb98fdf17
Terborg,intensitat,,string8,string,8940c513-ecda-41e6-994b-4c46fc27d3bc,inverter131,f2dd2732-604b-4e29-8851-7bbb1ce8b846
Terborg,voltatge,,string1,string,770339e1-9003-49e4-a505-eb492ce95fd0,inverter131,4ace795b-1515-42dc-8184-a7992092c135
Terborg,voltatge,,string2,string,c4fc1547-b283-4223-a7da-6b18401fab71,inverter131,a94d5208-57b0-40bf-a01c-273b8b88ffd9
Terborg,voltatge,,string3,string,264157ad-f111-432b-ad0d-ab179d2e36fd,inverter131,34bb082e-4a5c-444b-bf28-f85f2863f4cd
Terborg,voltatge,,string4,string,22ccc2ac-f5c8-4478-9786-1965f7b00695,inverter131,0077bc95-afd6-42cf-a148-ce729245ae8d
Terborg,voltatge,,string5,string,5b12058b-bf0d-48ba-8822-4ec2ce41986c,inverter131,f840c891-893c-4d40-93e3-5c2c9f8b4ac0
Terborg,voltatge,,string6,string,84fa92b6-eb0d-4a1a-9b35-f0dd4d52d6e1,inverter131,24ee2648-b23e-4314-8290-19978b0e1501
Terborg,voltatge,,string7,string,db9ba0b2-d4a2-4750-b092-fb33c8660048,inverter131,23bc86ca-10aa-4835-81cc-5395abfc0286
Terborg,voltatge,,string8,string,8940c513-ecda-41e6-994b-4c46fc27d3bc,inverter131,796a16b1-d304-4f19-8cd3-7c93135b7e2e
Terborg,potencia_activa,,inverter132,inverter,09703733-8717-4860-badd-dde60320131c,,bba7aad3-f099-4c7b-86f3-a0bb878a0bfa
Terborg,frecuencia,,inverter132,inverter,09703733-8717-4860-badd-dde60320131c,,5ff22cd0-ac64-4a84-bbab-0228d20280c5
Terborg,energia,inverter_energy,inverter132,inverter,09703733-8717-4860-badd-dde60320131c,,7d43f095-2b80-4d2d-b237-3f1824303557
Terborg,energia_total,,inverter132,inverter,09703733-8717-4860-badd-dde60320131c,,c788c302-e477-47e0-8385-cdad2984313f
Terborg,temperatura_mitjana,,inverter132,inverter,09703733-8717-4860-badd-dde60320131c,,d5c6547c-4a0b-4eda-b1cf-ccf44a070fef
Terborg,Vr_BT,,inverter132,inverter,09703733-8717-4860-badd-dde60320131c,,8e07c58e-ce93-4000-b1b1-ade6ee707335
Terborg,Vs_BT,,inverter132,inverter,09703733-8717-4860-badd-dde60320131c,,654ffc68-06f5-4cf4-8bc1-4d2de7f6149f
Terborg,Vt_BT,,inverter132,inverter,09703733-8717-4860-badd-dde60320131c,,9842f219-6829-4932-87a2-ecf3b44c8dee
Terborg,Ir_BT,,inverter132,inverter,09703733-8717-4860-badd-dde60320131c,,152ceca2-3549-49e7-b9a4-d50df57efa91
Terborg,Is_BT,,inverter132,inverter,09703733-8717-4860-badd-dde60320131c,,cbb5db9c-c08b-4253-a75c-e350a779f116
Terborg,It_BT,,inverter132,inverter,09703733-8717-4860-badd-dde60320131c,,261e5b5f-7579-44cb-9a55-e88c31ef5151
Terborg,intensitat,,string1,string,4ea6020f-d9ef-41c1-b56d-aa9b73455543,inverter132,0dc7cb85-3bf7-4d09-9305-970a10a959e6
Terborg,intensitat,,string2,string,2e256cb1-c36e-4142-b81b-36765f421156,inverter132,e240f56f-96f8-4c15-b04b-561dd9c4b0f0
Terborg,intensitat,,string3,string,1454f950-1ad9-496e-bb9d-1f1c1a9a7169,inverter132,6b011115-61a8-4fb6-9ef0-c6246be0249d
Terborg,intensitat,,string4,string,7e737f60-1675-4238-92f3-4d01c767c18c,inverter132,ec141617-34dd-4b33-9ccd-662db5883d02
Terborg,intensitat,,string5,string,fb6208d8-e725-42bb-b76c-d6feb0c01672,inverter132,512d735c-4bf3-4986-8ae9-71d24eed5f53
Terborg,intensitat,,string6,string,49d0acb5-9320-4c06-83d5-a997754563c1,inverter132,1bd2f180-a747-46a8-bfcd-48b35d4fb7bd
Terborg,intensitat,,string7,string,213bd4ee-da47-4e8d-8f38-e34c0f826838,inverter132,ee273fe4-df77-48ed-af8b-98e5164edefb
Terborg,intensitat,,string8,string,d3c40259-271f-4c58-8898-5532d1e2c3f0,inverter132,b3862d46-5f5b-4b05-a1db-cbde6525f66d
Terborg,voltatge,,string1,string,4ea6020f-d9ef-41c1-b56d-aa9b73455543,inverter132,54ac688b-b3dc-48c2-81db-8fc3cee875e7
Terborg,voltatge,,string2,string,2e256cb1-c36e-4142-b81b-36765f421156,inverter132,6a20fd80-fe56-4359-82a9-b00f9f024d43
Terborg,voltatge,,string3,string,1454f950-1ad9-496e-bb9d-1f1c1a9a7169,inverter132,85a29677-662b-4931-bbcd-dc876184fc0c
Terborg,voltatge,,string4,string,7e737f60-1675-4238-92f3-4d01c767c18c,inverter132,136674b3-2f0d-46b0-a4db-947cb66373a1
Terborg,voltatge,,string5,string,fb6208d8-e725-42bb-b76c-d6feb0c01672,inverter132,fb0569eb-9d73-468d-bba8-a184bfedf5db
Terborg,voltatge,,string6,string,49d0acb5-9320-4c06-83d5-a997754563c1,inverter132,f103eac7-4d22-47a0-881b-f3765e453e5c
Terborg,voltatge,,string7,string,213bd4ee-da47-4e8d-8f38-e34c0f826838,inverter132,508c5a9c-d33a-4b59-90ae-6b4fbdc6adeb
Terborg,voltatge,,string8,string,d3c40259-271f-4c58-8898-5532d1e2c3f0,inverter132,82d933b4-9f01-4a1f-a2d0-620e35a17aa5
Terborg,potencia_activa,,inverter133,inverter,7dd09d8c-b6e1-48b2-adb5-6e5f5b36c162,,0cff305f-6b75-4add-9f42-44744dc29c09
Terborg,frecuencia,,inverter133,inverter,7dd09d8c-b6e1-48b2-adb5-6e5f5b36c162,,05ca6521-c80c-4eaa-b2a9-99fbda5630c3
Terborg,energia,inverter_energy,inverter133,inverter,7dd09d8c-b6e1-48b2-adb5-6e5f5b36c162,,d3b1e121-dadd-43b5-ad87-532b3397066f
Terborg,energia_total,,inverter133,inverter,7dd09d8c-b6e1-48b2-adb5-6e5f5b36c162,,31162fda-68f1-4169-9bad-b8479c3bb20e
Terborg,temperatura_mitjana,,inverter133,inverter,7dd09d8c-b6e1-48b2-adb5-6e5f5b36c162,,34c81ef0-922e-4661-bf6a-190e3f3d1ecc
Terborg,Vr_BT,,inverter133,inverter,7dd09d8c-b6e1-48b2-adb5-6e5f5b36c162,,ebf75543-afaf-4ae4-9282-6a5aedd89632
Terborg,Vs_BT,,inverter133,inverter,7dd09d8c-b6e1-48b2-adb5-6e5f5b36c162,,32c88915-9b49-432e-bcff-6f06a5b8c276
Terborg,Vt_BT,,inverter133,inverter,7dd09d8c-b6e1-48b2-adb5-6e5f5b36c162,,75ed74c9-b95e-42a9-bd96-a0537f5732ca
Terborg,Ir_BT,,inverter133,inverter,7dd09d8c-b6e1-48b2-adb5-6e5f5b36c162,,94834ea1-7dfb-4a7e-94d1-807b56970de6
Terborg,Is_BT,,inverter133,inverter,7dd09d8c-b6e1-48b2-adb5-6e5f5b36c162,,194d2978-b78f-4eda-98db-866e57f3c4fc
Terborg,It_BT,,inverter133,inverter,7dd09d8c-b6e1-48b2-adb5-6e5f5b36c162,,82c17532-1677-4aa1-bee3-040687b40de4
Terborg,intensitat,,string1,string,a827c447-59e2-4fcf-8cf8-1ffbb38ac4c8,inverter133,ae55cc07-5c9b-45b5-911c-9b2d327d2006
Terborg,intensitat,,string2,string,bec029e2-ad2c-4094-9b5b-ebbfbd499bdd,inverter133,58633e49-a9ae-4269-9fa4-4d30b99eb9ff
Terborg,intensitat,,string3,string,3a0cda11-9a87-43e6-884f-8ae224326998,inverter133,5ec17e9b-fbb3-47b0-a205-007311941256
Terborg,intensitat,,string4,string,80da9d7a-2d0e-4db9-9f14-71bb64fb4809,inverter133,4fc4260f-df61-4468-8380-1a0a870195f1
Terborg,intensitat,,string5,string,a615a9d5-5b33-4abe-b528-7b1de485ffcc,inverter133,1ceb241b-538b-491b-8dff-79307690c3f3
Terborg,intensitat,,string6,string,15c7eb4d-939a-46fe-be74-8ad91524f026,inverter133,4e0d8344-29aa-4e39-bec8-09c2de029e69
Terborg,intensitat,,string7,string,bea2c3a3-6d6d-4c06-81fc-d2a3d2ff018d,inverter133,ff9a85d5-88dd-4cfc-9138-ab037197cbc8
Terborg,intensitat,,string8,string,c2f9bf32-f6b4-44d0-a14e-df0c926d610a,inverter133,10b34b1a-c662-4633-99ef-bfff4d34ca11
Terborg,voltatge,,string1,string,a827c447-59e2-4fcf-8cf8-1ffbb38ac4c8,inverter133,2d64f685-e687-44d8-99fa-b2a56872f516
Terborg,voltatge,,string2,string,bec029e2-ad2c-4094-9b5b-ebbfbd499bdd,inverter133,fb1c6317-e179-4241-a341-6a5420994129
Terborg,voltatge,,string3,string,3a0cda11-9a87-43e6-884f-8ae224326998,inverter133,4d62a38f-f9c8-49b0-bb86-202d0923503e
Terborg,voltatge,,string4,string,80da9d7a-2d0e-4db9-9f14-71bb64fb4809,inverter133,79bebec0-52cc-4854-ab85-867a4b8065ce
Terborg,voltatge,,string5,string,a615a9d5-5b33-4abe-b528-7b1de485ffcc,inverter133,fa124f0d-20d5-49ec-bada-ae6f83fd238b
Terborg,voltatge,,string6,string,15c7eb4d-939a-46fe-be74-8ad91524f026,inverter133,d9e87011-39a3-48b2-bce9-ae85eb2f9727
Terborg,voltatge,,string7,string,bea2c3a3-6d6d-4c06-81fc-d2a3d2ff018d,inverter133,9569b667-26ec-410e-ae23-efc8495ee855
Terborg,voltatge,,string8,string,c2f9bf32-f6b4-44d0-a14e-df0c926d610a,inverter133,49b6b59e-5d23-476b-a2e0-a1f40208c148
Terborg,potencia_activa,,inverter134,inverter,4eaabc3c-d8b1-4cb9-85b6-b9225cc43500,,d3d3e53d-fdda-4ca2-8f0e-65d4be5f8e77
Terborg,frecuencia,,inverter134,inverter,4eaabc3c-d8b1-4cb9-85b6-b9225cc43500,,9b6fe5b3-1496-414f-a95a-f645cbe3da5f
Terborg,energia,inverter_energy,inverter134,inverter,4eaabc3c-d8b1-4cb9-85b6-b9225cc43500,,cc481d68-9e7b-4ed6-b8c4-0505d1c9ca91
Terborg,energia_total,,inverter134,inverter,4eaabc3c-d8b1-4cb9-85b6-b9225cc43500,,c5f07342-ba10-4a3c-9b4f-83de6fcbe3ce
Terborg,temperatura_mitjana,,inverter134,inverter,4eaabc3c-d8b1-4cb9-85b6-b9225cc43500,,05e4ed5e-e495-4922-9222-dcae0924e422
Terborg,Vr_BT,,inverter134,inverter,4eaabc3c-d8b1-4cb9-85b6-b9225cc43500,,6026c037-7de5-4f75-af88-90a6dc5f8271
Terborg,Vs_BT,,inverter134,inverter,4eaabc3c-d8b1-4cb9-85b6-b9225cc43500,,c16918ac-afe3-415e-a3b8-73bb8bdf51db
Terborg,Vt_BT,,inverter134,inverter,4eaabc3c-d8b1-4cb9-85b6-b9225cc43500,,5a9eaf78-3dcf-4c2f-8463-e19b2755e383
Terborg,Ir_BT,,inverter134,inverter,4eaabc3c-d8b1-4cb9-85b6-b9225cc43500,,625aed7c-b74b-412b-bb77-ea753d33e389
Terborg,Is_BT,,inverter134,inverter,4eaabc3c-d8b1-4cb9-85b6-b9225cc43500,,76adffbf-c6e5-4d4d-8004-e453256fae43
Terborg,It_BT,,inverter134,inverter,4eaabc3c-d8b1-4cb9-85b6-b9225cc43500,,33ea7bd3-b9c9-4c3e-84cb-6cc2b57091b8
Terborg,intensitat,,string1,string,7e336fe1-8226-448d-80df-d0632fa447fd,inverter134,2281aa25-814d-4c2e-a22d-b758d0ed1ff5
Terborg,intensitat,,string2,string,c0b76c06-8548-4c43-8acc-b026882dd354,inverter134,5bb9549a-77e8-4fbf-b087-f8d72d8f7666
Terborg,intensitat,,string3,string,5a8b0ed3-104d-4258-95cb-441530c3f92b,inverter134,ae1f99d6-e13a-45c1-a3ce-8a22b83fc34a
Terborg,intensitat,,string4,string,ddb30d98-86d0-4a12-92b8-ff556b967105,inverter134,724621f1-a909-4e59-b462-0ca4888c40b0
Terborg,intensitat,,string5,string,f73f991a-2894-47e0-a377-5e9ddfb291a9,inverter134,01465419-1bc4-4eab-8442-f636667d25a7
Terborg,intensitat,,string6,string,7e06a435-57fe-45c2-b214-de802436f2fd,inverter134,2e57a49b-f28a-45f4-8ea5-7a17800f44e5
Terborg,intensitat,,string7,string,b42f0bbf-b7b2-4e16-ad6c-7ce9ce1e93ff,inverter134,2d338c3e-2e2e-4079-8828-94efb8dbe06f
Terborg,intensitat,,string8,string,647509d0-6769-41ad-aa2d-97ac8d49b9ae,inverter134,0a9dd441-5cd4-402f-bb3c-bd47c308726f
Terborg,voltatge,,string1,string,7e336fe1-8226-448d-80df-d0632fa447fd,inverter134,b4bfe977-fec5-48b3-ab66-1e9b9f53bbd4
Terborg,voltatge,,string2,string,c0b76c06-8548-4c43-8acc-b026882dd354,inverter134,4593b925-7665-4b12-bb76-d9312a6098c2
Terborg,voltatge,,string3,string,5a8b0ed3-104d-4258-95cb-441530c3f92b,inverter134,a331590a-abc0-4668-9d05-6f3d40ef1c48
Terborg,voltatge,,string4,string,ddb30d98-86d0-4a12-92b8-ff556b967105,inverter134,0dc00424-c7a3-45af-8de8-f8421d9b76c5
Terborg,voltatge,,string5,string,f73f991a-2894-47e0-a377-5e9ddfb291a9,inverter134,81066da9-1256-4608-b221-b40ebd5a1ad9
Terborg,voltatge,,string6,string,7e06a435-57fe-45c2-b214-de802436f2fd,inverter134,4608be73-a5a0-45dc-a6df-b4e78a17ce05
Terborg,voltatge,,string7,string,b42f0bbf-b7b2-4e16-ad6c-7ce9ce1e93ff,inverter134,e0768906-8272-4518-8ca6-64ca2475ed9a
Terborg,voltatge,,string8,string,647509d0-6769-41ad-aa2d-97ac8d49b9ae,inverter134,6f673b61-3a5f-48d7-84d0-1b1429e1c04e
Terborg,comunicacio_ok,,plant,plant,d2ae8e7c-f5f4-4516-8df0-31f880fd12fb,,d68ddf22-fd34-47d1-996c-4d564c84fc26
Terborg,irradiacio,irradiance,sensor1,sensor,3313d282-dca0-4a38-845b-19b1e18f16ee,,c4b67f10-615c-4822-bbb2-7486e1c3a76a
Terborg,temperatura_panell,,sensor1,sensor,3313d282-dca0-4a38-845b-19b1e18f16ee,,06ca1c25-8f2b-47e2-87f6-4d2d8f5af333
Terborg,temperatura_ambient,,sensor1,sensor,3313d282-dca0-4a38-845b-19b1e18f16ee,,a8c35b59-b23c-4b91-abff-2256db052c6d
Terborg,comunicacio_ok,,sensor1,sensor,3313d282-dca0-4a38-845b-19b1e18f16ee,,e82508d8-d9ae-4f5d-8428-7e5d09e1a556
Alcolea,energia_exportada,exported_energy,meter,meter,08bc8d88-4ea2-4ee9-b817-00e1f07debba,,646d1ec2-0ca2-4c22-9739-8161aafb224e
Alcolea,energia_importada,,meter,meter,08bc8d88-4ea2-4ee9-b817-00e1f07debba,,09b3e029-6388-4a59-9e35-29050847c379
Alcolea,energia_reactiva_Q1,,meter,meter,08bc8d88-4ea2-4ee9-b817-00e1f07debba,,19cecc03-5348-4230-99e0-044f2d4d3855
Alcolea,energia_reactiva_Q2,,meter,meter,08bc8d88-4ea2-4ee9-b817-00e1f07debba,,0a026cc9-ce0d-4b95-aafc-38e16add0b92
Alcolea,energia_reactiva_Q3,,meter,meter,08bc8d88-4ea2-4ee9-b817-00e1f07debba,,58b50563-59de-4a64-b4e1-5b080a32e26f
Alcolea,energia_reactiva_Q4,,meter,meter,08bc8d88-4ea2-4ee9-b817-00e1f07debba,,66dac99d-e020-41e3-89aa-5b15a561db56
Alcolea,Vr_MT,,meter,meter,08bc8d88-4ea2-4ee9-b817-00e1f07debba,,e962eb00-bf0e-4543-a7cc-f86d239fa3d3
Alcolea,Vs_MT,,meter,meter,08bc8d88-4ea2-4ee9-b817-00e1f07debba,,26957d5e-4a80-48ae-aeeb-12b1de290641
Alcolea,Vt_MT,,meter,meter,08bc8d88-4ea2-4ee9-b817-00e1f07debba,,7458943e-40b9-4e61-8a76-440a26b9ce3a
Alcolea,comunicacio_ok,,meter,meter,08bc8d88-4ea2-4ee9-b817-00e1f07debba,,7bd64168-44bf-4c0c-ad7a-99cad41ff9c4
Alcolea,potencia_alterna_R,,inverter1,inverter,f330dd4b-f5c0-423d-bcb7-8dc0eed04edf,,a65712c0-af4f-40b8-971a-bbc468883871
Alcolea,potencia_alterna_S,,inverter1,inverter,f330dd4b-f5c0-423d-bcb7-8dc0eed04edf,,c1031347-a690-4dd7-b5de-fd3c4432fd73
Alcolea,potencia_alterna_T,,inverter1,inverter,f330dd4b-f5c0-423d-bcb7-8dc0eed04edf,,09f9783f-7e75-44b8-9d47-eccf254a9b64
Alcolea,energia,inverter_energy,inverter1,inverter,f330dd4b-f5c0-423d-bcb7-8dc0eed04edf,,620e7bf0-3ac1-4f92-8e25-ec60738e7e3b
Alcolea,temperatura_mitjana,,inverter1,inverter,f330dd4b-f5c0-423d-bcb7-8dc0eed04edf,,3287fb7e-7a2c-4387-9a0f-13c5186bb32b
Alcolea,intensitat,,stringbox_SCB11,string,40dd846f-ca3d-463b-8dc5-d0ad00721eba,inverter1,11603a1b-352e-46f6-8634-c4433e72c8c3
Alcolea,intensitat,,stringbox_SCB12,string,8ed8f762-9a63-4e5f-a971-8884ced4a1cd,inverter1,9fbd7792-180a-4422-8f1f-5026a6e4bdfb
Alcolea,intensitat,,stringbox_SCB13,string,b5794358-b72e-407e-a16c-b6a42c5ae579,inverter1,442a912e-da09-41de-923c-6788b73bc84b
Alcolea,intensitat,,stringbox_SCB14,string,7b0a1522-bc3f-4732-829a-0a6a3f0d3d0e,inverter1,80b93369-d6d4-49b4-860f-dc44fb1c84bc
Alcolea,intensitat,,stringbox_SCB15,string,723b52c8-58a1-4533-a5ca-6828794b1d7c,inverter1,8fb541e6-a867-46e2-a714-a04ba11a102a
Alcolea,intensitat,,stringbox_SCB16,string,51334c46-806b-40cd-8eb5-9cade637ba32,inverter1,1a1939c4-2a16-45cc-a5b3-d29221ea9cb7
Alcolea,intensitat,,stringbox_SCB17,string,5f3b5c57-2362-48de-a46d-a73e52415243,inverter1,88773d90-6c40-4730-b1d5-9449e2a397f2
Alcolea,comunicacio_ok,,inverter1,inverter,f330dd4b-f5c0-423d-bcb7-8dc0eed04edf,,7c96a45a-2e0c-4df9-a5aa-672ce23c4dd7
Alcolea,potencia_alterna_R,,inverter2,inverter,59076419-4c39-4670-b110-bc4404b355ad,,47bad68a-17a7-4b83-9c97-f3c00102dee9
Alcolea,potencia_alterna_S,,inverter2,inverter,59076419-4c39-4670-b110-bc4404b355ad,,f1b96a2b-bb6b-4d46-990a-2f50cad06f3c
Alcolea,potencia_alterna_T,,inverter2,inverter,59076419-4c39-4670-b110-bc4404b355ad,,a5f068d4-f6da-47ab-a67d-d364fa90c7b2
Alcolea,energia,inverter_energy,inverter2,inverter,59076419-4c39-4670-b110-bc4404b355ad,,2c1e61db-4bf5-44d2-baa6-d91f52c5fef8
Alcolea,temperatura_mitjana,,inverter2,inverter,59076419-4c39-4670-b110-bc4404b355ad,,3ef16490-efcb-46a1-aec8-70d0a9e2898e
Alcolea,intensitat,,stringbox_SCB21,string,32d8d43f-637e-436d-95c3-7b8e1e51fc7f,inverter2,bf9f1b91-235c-4c61-b8ac-74456cec0291
Alcolea,intensitat,,stringbox_SCB22,string,20aa91fe-a696-45fc-a85d-458bd53e3602,inverter2,b32c6b1f-4b04-4240-9780-5a9f25c0d25d
Alcolea,intensitat,,stringbox_SCB23,string,39e4f880-3def-4a25-a055-364e8c790b85,inverter2,4e07ac28-1fd9-4dd6-b284-fa9df85dce78
Alcolea,intensitat,,stringbox_SCB24,string,6af0bee9-929a-4fec-a19a-8fd74bedf63f,inverter2,9305bffd-4ec7-433a-a72d-a0619a51adaa
Alcolea,intensitat,,stringbox_SCB25,string,c607124a-ace4-4bfc-9cf7-b979a685f3aa,inverter2,89c2e4d1-c93b-4717-9ce7-f2a9a866bb43
Alcolea,intensitat,,stringbox_SCB26,string,58781ea6-51db-49f7-8bad-2126a38dbec8,inverter2,588cb038-5c9f-45ec-8897-1fe4e8ef4e5f
Alcolea,intensitat,,stringbox_SCB27,string,6bff2b32-2167-4110-b032-eb603c10efa0,inverter2,14a0481e-af74-48cc-96c8-8031edd65557
Alcolea,comunicacio_ok,,inverter2,inverter,59076419-4c39-4670-b110-bc4404b355ad,,37a3324c-3933-4495-a7c2-28bf0e012bed
Alcolea,potencia_alterna_R,,inverter3,inverter,5c08a7c7-003f-46f2-96c5-616d837e9395,,47c35967-bde5-483f-846e-02395be87259
Alcolea,potencia_alterna_S,,inverter3,inverter,5c08a7c7-003f-46f2-96c5-616d837e9395,,7ac8a1c6-fe7a-4dc8-84a6-16d7b1f3eece
Alcolea,potencia_alterna_T,,inverter3,inverter,5c08a7c7-003f-46f2-96c5-616d837e9395,,25eac7c9-6f0e-4108-920b-883befc6732e
Alcolea,energia,inverter_energy,inverter3,inverter,5c08a7c7-003f-46f2-96c5-616d837e9395,,fa340fd5-2993-4dd0-ab43-0b4be1055ad1
Alcolea,temperatura_mitjana,,inverter3,inverter,5c08a7c7-003f-46f2-96c5-616d837e9395,,362f300a-73dd-4d96-b047-534f89b4a94c
Alcolea,intensitat,,stringbox_SCB31,string,76625d1f-c46f-464c-a3dd-6e2d98ae006e,inverter3,cb268086-1fd0-45c0-bc90-c26a76adaaf4
Alcolea,intensitat,,stringbox_SCB32,string,5df081d7-6e08-4ae1-b23e-ddd95e29d38f,inverter3,97a00266-d6f0-4eba-86a5-cf627f28c93e
Alcolea,intensitat,,stringbox_SCB33,string,61254ae7-1e11-424b-a042-47102a3dbf5a,inverter3,0faf3334-1bd8-4f52-af07-a24c397f060d
Alcolea,intensitat,,stringbox_SCB34,string,94d8ee98-2230-4df5-abb5-bd20a1cd97e4,inverter3,79da6488-6374-411a-99f0-e8ce5f30ec71
Alcolea,intensitat,,stringbox_SCB35,string,ccf9b796-e8c8-4ac0-8ff7-564a4a9d821c,inverter3,fb24aaaf-c0ca-4245-95cd-a90a8fc7b2d9
Alcolea,intensitat,,stringbox_SCB36,string,de76dc95-e87d-4f89-9293-59b8bb985c1a,inverter3,49773e7f-3df9-4802-bdcf-42a3179ec3b5
Alcolea,intensitat,,stringbox_SCB37,string,1c095a09-24bc-40e2-b8cc-3aed3f3a7bfd,inverter3,3a7f1b5d-f25f-4f6d-a7ab-1edd5fd998a3
Alcolea,comunicacio_ok,,inverter3,inverter,647ff90a-9969-44ef-90b0-6c50c00c7985,,16ef22b7-7cd8-48c5-b4c8-f824fb3c9be3
Alcolea,potencia_alterna_R,,inverter4,inverter,8a2360ce-6510-401a-95b0-1589118fa8e7,,fa782a61-9076-4471-9852-8f6e312c948b
Alcolea,potencia_alterna_S,,inverter4,inverter,8a2360ce-6510-401a-95b0-1589118fa8e7,,b5b45833-dcca-4a87-b460-cb96e9382835
Alcolea,potencia_alterna_T,,inverter4,inverter,8a2360ce-6510-401a-95b0-1589118fa8e7,,a9a88410-44ae-481b-8add-1c960cac77f4
Alcolea,energia,inverter_energy,inverter4,inverter,8a2360ce-6510-401a-95b0-1589118fa8e7,,c8786d1d-d642-46f1-b213-14b2e4638384
Alcolea,temperatura_mitjana,,inverter4,inverter,8a2360ce-6510-401a-95b0-1589118fa8e7,,de3a15e3-545e-47ad-bb29-062612d79131
Alcolea,intensitat,,stringbox_SCB41,string,078128d1-3f4e-4174-b602-6a94e95a7d88,inverter4,077bd4ff-500a-4326-b9d3-ae20067c8d22
Alcolea,intensitat,,stringbox_SCB42,string,79cb73e8-ae83-48af-b0f4-a9d6da90967b,inverter4,4da6e052-7ead-49aa-91d0-980b07ab921a
Alcolea,intensitat,,stringbox_SCB43,string,80f1eebd-5b81-4602-be87-d6b572a46120,inverter4,5dc2a969-63e9-41a3-b4bb-bf5213503163
Alcolea,intensitat,,stringbox_SCB44,string,a587da8c-3751-4ac8-a1bd-604848965706,inverter4,b6b13a2e-c078-41b8-8790-827370d0a113
Alcolea,intensitat,,stringbox_SCB45,string,c0f60d27-ce7b-4050-b510-81dacc9999a0,inverter4,bba3af3b-37c8-4b34-a8ff-80e62a8de6f0
Alcolea,intensitat,,stringbox_SCB46,string,9d5accdd-c810-46b5-8994-c21e95e67f42,inverter4,354fe3e0-0109-4bec-85ff-b7646cb6c789
Alcolea,intensitat,,stringbox_SCB47,string,41c1dc8b-fe58-4cb8-adff-c77642f4fe5e,inverter4,2a525ec7-9099-43d3-93d9-bac3a63ed7ea
Alcolea,comunicacio_ok,,inverter4,inverter,8a2360ce-6510-401a-95b0-1589118fa8e7,,2fd4c2bf-03f2-4a45-9307-d55afdaaf7c3
Alcolea,temperatura_panell,,estacio_meteorologica1,sensor,61cb4680-dd43-4185-b9b4-5b758d406a2e,,c63eb046-837b-4b8b-88b1-d5341ce26d49
Alcolea,irradiacio_sonda,irradiance,estacio_meteorologica1,sensor,61cb4680-dd43-4185-b9b4-5b758d406a2e,,dff72769-216f-4e23-bcef-90f46debd183
Alcolea,temperatura_ambient,,estacio_meteorologica1,sensor,61cb4680-dd43-4185-b9b4-5b758d406a2e,,22c2f4dc-6f02-4596-bb23-4c72c88a52e5
Alcolea,comunicacio_ok,,estacio_meteorologica1,sensor,61cb4680-dd43-4185-b9b4-5b758d406a2e,,db3a81db-5012-4627-a530-9d40ccb39da9
Asomada,energia_exportada,exported_energy,meter,meter,c5ed9fab-e73c-40a5-acb3-113e22052fd6,,f78b1a04-3458-44f3-8b1c-bbad1afc41ef
Asomada,energia_importada,,meter,meter,c5ed9fab-e73c-40a5-acb3-113e22052fd6,,191957b2-2b63-4914-8919-5282ce56fb87
Asomada,energia_reactiva_Q1,,meter,meter,c5ed9fab-e73c-40a5-acb3-113e22052fd6,,fc30e8e8-bae2-4771-9b5b-0f0c3e02ade4
Asomada,energia_reactiva_Q2,,meter,meter,c5ed9fab-e73c-40a5-acb3-113e22052fd6,,fa4f7b6d-f71e-42d3-a693-ca4b30e0a8f5
Asomada,energia_reactiva_Q3,,meter,meter,c5ed9fab-e73c-40a5-acb3-113e22052fd6,,59699634-ffc5-478c-9eae-6af27a6b9c23
Asomada,energia_reactiva_Q4,,meter,meter,c5ed9fab-e73c-40a5-acb3-113e22052fd6,,483f2e6f-e99d-455c-b31a-d5b897e7462e
Asomada,Vr_MT,,meter,meter,c5ed9fab-e73c-40a5-acb3-113e22052fd6,,0af1ee28-3a28-48b2-ac8d-502eb4faa60b
Asomada,Vs_MT,,meter,meter,c5ed9fab-e73c-40a5-acb3-113e22052fd6,,8bb0277c-ccf2-41b1-ab0c-81a5e99e5474
Asomada,Vt_MT,,meter,meter,c5ed9fab-e73c-40a5-acb3-113e22052fd6,,dd065f6a-4ded-41a8-98d3-ba239f9a2a47
Asomada,comunicacio_ok,,meter,meter,c5ed9fab-e73c-40a5-acb3-113e22052fd6,,3893ca3f-14d4-469f-9441-02e89310646d
Asomada,potencia_activa,,inverter1,inverter,fa28cd1b-d582-4162-b02f-c43eb8b94d23,,081c3324-9f77-46ff-a6cf-6472f2f215a9
Asomada,Vdc,,inverter1,inverter,fa28cd1b-d582-4162-b02f-c43eb8b94d23,,d9c3c3aa-0ba1-41e8-b54d-468f80076dd6
Asomada,Idc,,inverter1,inverter,fa28cd1b-d582-4162-b02f-c43eb8b94d23,,c33b39f0-117f-4d25-8d4d-21bf239043bd
Asomada,frequencia,,inverter1,inverter,fa28cd1b-d582-4162-b02f-c43eb8b94d23,,68cdecdd-b60a-405c-b9bd-1a4c34b3355e
Asomada,Ir_BT,,inverter1,inverter,fa28cd1b-d582-4162-b02f-c43eb8b94d23,,ef139b65-58fb-4286-85c9-a24105e4edc6
Asomada,Is_BT,,inverter1,inverter,fa28cd1b-d582-4162-b02f-c43eb8b94d23,,37fd2f48-0c69-4182-aada-506697deea65
Asomada,It_BT,,inverter1,inverter,fa28cd1b-d582-4162-b02f-c43eb8b94d23,,aaaf2017-f217-449c-85fa-744aaed67ba6
Asomada,Vr_BT,,inverter1,inverter,fa28cd1b-d582-4162-b02f-c43eb8b94d23,,11224649-b9c8-4321-b6d7-d4bcdb1a5a70
Asomada,Vs_BT,,inverter1,inverter,fa28cd1b-d582-4162-b02f-c43eb8b94d23,,ac9f08fe-9574-4b59-83d1-52f31091a5bb
Asomada,Vt_BT,,inverter1,inverter,fa28cd1b-d582-4162-b02f-c43eb8b94d23,,eb30f552-33df-46e4-b39b-c4d06eab221d
Asomada,energia,inverter_energy,inverter1,inverter,fa28cd1b-d582-4162-b02f-c43eb8b94d23,,155386cd-b902-48d4-a6ae-99f8c7b57fa9
Asomada,energia_total,,inverter1,inverter,fa28cd1b-d582-4162-b02f-c43eb8b94d23,,836ea7e2-7cae-4c60-b641-5653d0da95bc
Asomada,temperatura_placa_electronica,,inverter1,inverter,fa28cd1b-d582-4162-b02f-c43eb8b94d23,,4807d7f9-0c47-4614-b755-6911364cc375
Asomada,intensitat,,string1,string,9cee77e9-5700-44b3-aa90-c5b087d3d187,inverter1,17b27139-a9f0-4d05-8a27-911eae74ef1b
Asomada,intensitat,,string2,string,7177f151-854b-49a7-a8ca-f7ad3ccaa977,inverter1,7d2ab0e2-3f75-4d49-b137-018e0407eb07
Asomada,intensitat,,string3,string,49f4d343-3351-41e4-bb5d-586264937db3,inverter1,234656d1-388c-4c79-aa4b-c4c59ec1c8cc
Asomada,intensitat,,string4,string,137e3c6f-6ede-47ad-bcd0-9128876fb898,inverter1,84eb8f25-899b-4987-bd5c-483da26aa397
Asomada,intensitat,,string5,string,3814ed5d-876d-45e4-a9a7-91a2fb4f29e2,inverter1,ac8e21db-0168-4822-be66-dc9006d93397
Asomada,intensitat,,string6,string,d758b63a-262f-4e70-bebf-55b1b3c173b9,inverter1,57359703-3f75-4d4b-ba85-c1c76e65854e
Asomada,intensitat,,string7,string,8c840834-468c-4ce8-bc38-9abd61226907,inverter1,61753c62-ec61-4e6d-9936-46e2f01e46a0
Asomada,intensitat,,string8,string,417748b4-1a66-4714-934c-61a0f43109d3,inverter1,7f0a3f9e-09f5-4132-bf66-ce46fc345c55
Asomada,intensitat,,string9,string,a957d4ba-3fa5-4168-bef0-9e2fbc18fa07,inverter1,1e6ecf42-edb9-4dd2-ab72-21bebb053dfd
Asomada,intensitat,,string10,string,95e9961a-74e2-49cb-bd57-3878f8f1fa15,inverter1,ae5ff12d-511e-477d-b09b-2e900a1ecaec
Asomada,intensitat,,string11,string,db6e84b2-0f99-4369-bd90-0bfbe804de6c,inverter1,55e21cda-d478-4ff4-9070-77ea66a0934d
Asomada,intensitat,,string12,string,083ade2d-c5a8-4866-9fa0-10f542f76c8b,inverter1,761744b0-fed7-4254-a1ed-4b604933dcf9
Asomada,intensitat,,string13,string,913edec2-2470-4cf7-a954-11e2ebe3df87,inverter1,ca67b11d-c30e-4eea-9542-4c6d7606936c
Asomada,intensitat,,string14,string,f97340c2-db50-4d6d-8cf5-e6e5908e4bb1,inverter1,9dadda3a-4b21-42e5-82ca-896da6e6abcd
Asomada,intensitat,,string15,string,f20c32f2-6e6e-4608-9f18-798366a4b339,inverter1,392a7ce2-3a22-4602-a9c8-4113bcfe4679
Asomada,intensitat,,string16,string,f5ce2f60-bf89-4cf3-bd01-643b8b2e5e7c,inverter1,1c1732cb-0568-4d07-8fea-1717a5a7f1cc
Asomada,intensitat,,string17,string,01bba2d2-d6c0-46c4-b303-9beb7ac3de5f,inverter1,d3c660fd-e47d-465d-ae8e-caef4a358d81
Asomada,intensitat,,string18,string,a0a5fe3d-8cf3-45ba-ae22-00be0850edc2,inverter1,a6d47254-cc28-42c4-ab45-d00d536d0652
Asomada,intensitat,,string19,string,26a640d4-a557-4011-a766-06fe821535a9,inverter1,edf68a72-e88d-4520-9354-79957ddd7d62
Asomada,intensitat,,string20,string,fbdf7521-ac38-47c6-870e-26bd7ae31125,inverter1,d5ed0d95-8a98-4acb-8d1b-93e9dd154775
Asomada,intensitat,,string21,string,93ea61ee-2cf7-4bd8-9cd2-74280893e780,inverter1,e46f0d3a-c95a-4bd4-a3fe-dc9dd2809d85
Asomada,intensitat,,string22,string,a544e7de-00c0-4c4b-8fdc-79f3700b8137,inverter1,3d9512b6-7f7f-489f-9a38-970bcc709854
Asomada,Idc_modul,,module1,module,d76f5faa-6ffa-40f7-b32e-73f90251fba8,inverter1,db49fac0-10eb-44db-8ae3-d8d42c86adc0
Asomada,Vdc_modul,,module1,module,d76f5faa-6ffa-40f7-b32e-73f90251fba8,inverter1,2cca02ab-dadb-4642-a15e-74b78705e142
Asomada,temperatura_mitjana_modul,,module1,module,d76f5faa-6ffa-40f7-b32e-73f90251fba8,inverter1,7b656129-a183-41e7-83e8-6b03e1f429d5
Asomada,Idc_modul,,module2,module,e891a7fb-0bb6-44a8-ab00-66f0f589c6e7,inverter1,592e8998-1f55-4599-bdd6-120b53f35e4a
Asomada,Vdc_modul,,module2,module,e891a7fb-0bb6-44a8-ab00-66f0f589c6e7,inverter1,a75dad83-ba01-4f44-9ca6-a83be8f5fce9
Asomada,temperatura_mitjana_modul,,module2,module,e891a7fb-0bb6-44a8-ab00-66f0f589c6e7,inverter1,47c2f1c1-3ce6-47af-a801-2ddef4d08a25
Asomada,Idc_modul,,module3,module,bec9ddd2-b218-41c5-9a4f-7399e76154a1,inverter1,d09f14b2-74e1-470e-8aa9-a4c7a27c35d7
Asomada,Vdc_modul,,module3,module,bec9ddd2-b218-41c5-9a4f-7399e76154a1,inverter1,0d45bc0e-a95c-44db-b2d6-bcd944702519
Asomada,temperatura_mitjana_modul,,module3,module,bec9ddd2-b218-41c5-9a4f-7399e76154a1,inverter1,d59ff51a-8f1b-4c7a-897f-7a18704c5748
Asomada,comunicacio_ok,,inverter1,inverter,fa28cd1b-d582-4162-b02f-c43eb8b94d23,,0a41d125-8c3c-4301-9a1f-8183a7533f20
Asomada,irradiacio_sonda_neta,,sensor1,sensor,7ff6f43b-1349-43ad-af5a-3952e1d7311d,,dcbf93aa-eff3-4277-bf76-6dbda10ecb8e
Asomada,irradiacio_sonda_bruta,irradiance,sensor1,sensor,7ff6f43b-1349-43ad-af5a-3952e1d7311d,,38c5b7be-fdd6-4e84-956e-cebd64f8e254
Asomada,irradiacio_mitja,,sensor1,sensor,7ff6f43b-1349-43ad-af5a-3952e1d7311d,,ab8a48f9-faee-4e78-9121-c4f82a546047
Asomada,temperatura_ambient,,sensor1,sensor,7ff6f43b-1349-43ad-af5a-3952e1d7311d,,aeba40db-5646-48fb-aba1-624dcba18233
Asomada,temperatura_panell,,sensor1,sensor,7ff6f43b-1349-43ad-af5a-3952e1d7311d,,e894d976-5377-4503-8362-a4ec4b55876a
Asomada,comunicacio ok,,sensor1,sensor,7ff6f43b-1349-43ad-af5a-3952e1d7311d,,48bdb569-329b-4f8b-b774-be963cb717f2