time,plant_id,plant_name,plant_code,inverter_id,inverter_name,inverter_brand,inverter_model,inverter_nominal_power_kw,power_kw,energy_kwh,intensity_cc_a,intensity_ca_a,voltage_cc_v,voltage_ca_v,uptime_h,temperature_c,readings
2022-11-09 15:15:00+01,7,Matallana,SomEnergia_Exiom,31,inversor4,NULL,NULL,NULL,369.23,825.8,NULL,NULL,NULL,NULL,18345.0,42,1.0
2022-11-09 15:15:00+01,7,Matallana,SomEnergia_Exiom,32,inversor1,NULL,NULL,NULL,366.25,821.3,NULL,NULL,NULL,NULL,17878.0,42,1.0
2022-11-09 15:15:00+01,3,Fontivsolar,SomEnergia_Fontivsolar,29,inversor8,NULL,NULL,NULL,24.33,185.5,NULL,NULL,NULL,NULL,16356.0,NULL,1.0
2022-11-09 15:15:00+01,7,Matallana,SomEnergia_Exiom,33,inversor2,NULL,NULL,NULL,NULL,NULL,NULL,NULL,NULL,NULL,NULL,NULL,NULL
2022-11-09 15:15:00+01,3,Fontivsolar,SomEnergia_Fontivsolar,23,inversor2,NULL,NULL,NULL,22.76,187.37,NULL,NULL,NULL,NULL,16618.0,NULL,1.0
2022-11-09 15:15:00+01,3,Fontivsolar,SomEnergia_Fontivsolar,24,inversor3,NULL,NULL,NULL,22.52,185.13,NULL,NULL,NULL,NULL,16625.0,NULL,1.0
2022-11-09 15:15:00+01,3,Fontivsolar,SomEnergia_Fontivsolar,25,inversor4,NULL,NULL,NULL,22.83,191.01,NULL,NULL,NULL,NULL,15786.0,NULL,1.0
2022-11-09 15:15:00+01,1,Alcolea,SomEnergia_Alcolea,18,inversor3,NULL,NULL,NULL,276.76,719.6,NULL,NULL,NULL,NULL,28211.0,42,1.0
2022-11-09 15:15:00+01,1,Alcolea,SomEnergia_Alcolea,19,inversor4,NULL,NULL,NULL,177.36,678.3,NULL,NULL,NULL,NULL,28259.0,42,1.0
2022-11-09 03:15:00+01,6,Florida,SomEnergia_La_Florida,20,inversor1,NULL,NULL,NULL,0.0,4132417.4,NULL,NULL,NULL,NULL,13380.0,60,1.0
2022-11-09 15:15:00+01,7,Matallana,SomEnergia_Exiom,30,inversor3,NULL,NULL,NULL,373.72,827.0,NULL,NULL,NULL,NULL,18379.0,42,1.0
2022-11-09 15:15:00+01,3,Fontivsolar,SomEnergia_Fontivsolar,26,inversor5,NULL,NULL,NULL,24.46,188.26,NULL,NULL,NULL,NULL,16581.0,NULL,1.0
2022-11-09 15:15:00+01,3,Fontivsolar,SomEnergia_Fontivsolar,27,inversor6,NULL,NULL,NULL,22.88,185.96,NULL,NULL,NULL,NULL,16608.0,NULL,1.0
2022-11-09 15:15:00+01,1,Alcolea,SomEnergia_Alcolea,16,inversor1,NULL,NULL,NULL,0.0,719.7,NULL,NULL,NULL,NULL,28299.0,10,1.0
2022-11-09 15:15:00+01,1,Alcolea,SomEnergia_Alcolea,17,inversor2,NULL,NULL,NULL,327.5,699.1,NULL,NULL,NULL,NULL,28305.0,42,1.0
2022-11-09 15:15:00+01,3,Fontivsolar,SomEnergia_Fontivsolar,28,inversor7,NULL,NULL,NULL,24.02,189.61,NULL,NULL,NULL,NULL,15557.0,NULL,1.0
2022-11-09 15:15:00+01,6,Florida,SomEnergia_La_Florida,21,inversor2,NULL,NULL,NULL,0.0,4208786.6,NULL,NULL,NULL,NULL,13401.0,60,1.0
2022-11-09 15:15:00+01,3,Fontivsolar,SomEnergia_Fontivsolar,22,inversor1,NULL,NULL,NULL,22.31,182.27,NULL,NULL,NULL,NULL,2572.0,NULL,1.0
2022-11-09 15:10:00+01,3,Fontivsolar,SomEnergia_Fontivsolar,22,inversor1,NULL,NULL,NULL,30.21,179.6,NULL,NULL,NULL,NULL,2571.0,NULL,1.0
2022-11-09 15:10:00+01,6,Florida,SomEnergia_La_Florida,21,inversor2,NULL,NULL,NULL,0.0,4208740.8,NULL,NULL,NULL,NULL,13401.0,60,1.0
2022-11-09 15:10:00+01,3,Fontivsolar,SomEnergia_Fontivsolar,28,inversor7,NULL,NULL,NULL,53.99,186.4,NULL,NULL,NULL,NULL,15557.0,NULL,1.0
2022-11-09 15:10:00+01,3,Fontivsolar,SomEnergia_Fontivsolar,27,inversor6,NULL,NULL,NULL,49.44,183.05,NULL,NULL,NULL,NULL,16608.0,NULL,1.0
2022-11-09 15:10:00+01,3,Fontivsolar,SomEnergia_Fontivsolar,26,inversor5,NULL,NULL,NULL,57.54,185.1,NULL,NULL,NULL,NULL,16581.0,NULL,1.0
2022-11-09 15:10:00+01,1,Alcolea,SomEnergia_Alcolea,17,inversor2,NULL,NULL,NULL,136.64,692.9,NULL,NULL,NULL,NULL,28305.0,42,1.0
2022-11-09 15:10:00+01,1,Alcolea,SomEnergia_Alcolea,16,inversor1,NULL,NULL,NULL,0.0,700.0,NULL,NULL,NULL,NULL,28299.0,11,1.0
2022-11-09 15:10:00+01,7,Matallana,SomEnergia_Exiom,30,inversor3,NULL,NULL,NULL,375.01,801.3,NULL,NULL,NULL,NULL,18379.0,42,1.0
2022-11-09 15:10:00+01,3,Fontivsolar,SomEnergia_Fontivsolar,25,inversor4,NULL,NULL,NULL,34.99,188.33,NULL,NULL,NULL,NULL,15786.0,NULL,1.0
2022-11-09 15:10:00+01,3,Fontivsolar,SomEnergia_Fontivsolar,23,inversor2,NULL,NULL,NULL,39.33,184.6,NULL,NULL,NULL,NULL,16618.0,NULL,1.0
2022-11-09 15:10:00+01,3,Fontivsolar,SomEnergia_Fontivsolar,24,inversor3,NULL,NULL,NULL,32.57,182.44,NULL,NULL,NULL,NULL,16625.0,NULL,1.0
2022-11-09 15:10:00+01,7,Matallana,SomEnergia_Exiom,33,inversor2,NULL,NULL,NULL,355.4,1066.2,NULL,NULL,NULL,NULL,18251.0,42,1.0
2022-11-09 15:10:00+01,3,Fontivsolar,SomEnergia_Fontivsolar,29,inversor8,NULL,NULL,NULL,57.61,182.5,NULL,NULL,NULL,NULL,16355.0,NULL,1.0
2022-11-09 03:10:00+01,6,Florida,SomEnergia_La_Florida,20,inversor1,NULL,NULL,NULL,0.0,4132372.5,NULL,NULL,NULL,NULL,13380.0,60,1.0
2022-11-09 15:10:00+01,1,Alcolea,SomEnergia_Alcolea,18,inversor3,NULL,NULL,NULL,59.42,715.3,NULL,NULL,NULL,NULL,28211.0,42,1.0
2022-11-09 15:10:00+01,1,Alcolea,SomEnergia_Alcolea,19,inversor4,NULL,NULL,NULL,56.51,673.2,NULL,NULL,NULL,NULL,28259.0,42,1.0
2022-11-09 15:10:00+01,7,Matallana,SomEnergia_Exiom,31,inversor4,NULL,NULL,NULL,331.84,799.5,NULL,NULL,NULL,NULL,18345.0,42,1.0
2022-11-09 15:10:00+01,7,Matallana,SomEnergia_Exiom,32,inversor1,NULL,NULL,NULL,0,790.1,NULL,NULL,NULL,NULL,17878.0,42,1.0
2022-11-09 15:05:00+01,7,Matallana,SomEnergia_Exiom,32,inversor1,NULL,NULL,NULL,201.7,777.5,NULL,NULL,NULL,NULL,17878.0,42,1.0
2022-11-09 15:05:00+01,7,Matallana,SomEnergia_Exiom,31,inversor4,NULL,NULL,NULL,354.84,779.7,NULL,NULL,NULL,NULL,18344.0,NULL,1.0
2022-11-09 15:05:00+01,1,Alcolea,SomEnergia_Alcolea,19,inversor4,NULL,NULL,NULL,46.28,664.2,NULL,NULL,NULL,NULL,28259.0,42,1.0
2022-11-09 03:05:00+01,6,Florida,SomEnergia_La_Florida,20,inversor1,NULL,NULL,NULL,0.0,4132341.8,NULL,NULL,NULL,NULL,13380.0,60,1.0
2022-11-09 15:05:00+01,1,Alcolea,SomEnergia_Alcolea,18,inversor3,NULL,NULL,NULL,48.91,691.4,NULL,NULL,NULL,NULL,28211.0,42,1.0
2022-11-09 15:05:00+01,7,Matallana,SomEnergia_Exiom,33,inversor2,NULL,NULL,NULL,242.83,1066.2,NULL,NULL,NULL,NULL,18251.0,42,1.0
2022-11-09 15:05:00+01,3,Fontivsolar,SomEnergia_Fontivsolar,24,inversor3,NULL,NULL,NULL,57.99,177.73,NULL,NULL,NULL,NULL,16625.0,NULL,1.0
2022-11-09 15:05:00+01,3,Fontivsolar,SomEnergia_Fontivsolar,25,inversor4,NULL,NULL,NULL,58.03,183.77,NULL,NULL,NULL,NULL,15786.0,NULL,1.0
2022-11-09 15:05:00+01,3,Fontivsolar,SomEnergia_Fontivsolar,23,inversor2,NULL,NULL,NULL,58.04,179.99,NULL,NULL,NULL,NULL,16618.0,NULL,1.0
2022-11-09 15:05:00+01,7,Matallana,SomEnergia_Exiom,30,inversor3,NULL,NULL,NULL,330.15,782.6,NULL,NULL,NULL,NULL,18379.0,42,1.0
2022-11-09 15:05:00+01,3,Fontivsolar,SomEnergia_Fontivsolar,29,inversor8,NULL,NULL,NULL,57.63,177.76,NULL,NULL,NULL,NULL,16355.0,NULL,1.0
2022-11-09 15:05:00+01,6,Florida,SomEnergia_La_Florida,21,inversor2,NULL,NULL,NULL,0.0,4208712.5,NULL,NULL,NULL,NULL,13401.0,60,1.0
2022-11-09 15:05:00+01,3,Fontivsolar,SomEnergia_Fontivsolar,22,inversor1,NULL,NULL,NULL,58.45,174.85,NULL,NULL,NULL,NULL,2571.0,NULL,1.0
2022-11-09 15:05:00+01,1,Alcolea,SomEnergia_Alcolea,16,inversor1,NULL,NULL,NULL,0.0,696.2,NULL,NULL,NULL,NULL,28299.0,12,1.0
2022-11-09 15:05:00+01,1,Alcolea,SomEnergia_Alcolea,17,inversor2,NULL,NULL,NULL,42.01,676.1,NULL,NULL,NULL,NULL,28305.0,42,1.0
2022-11-09 15:05:00+01,3,Fontivsolar,SomEnergia_Fontivsolar,27,inversor6,NULL,NULL,NULL,57.38,178.3,NULL,NULL,NULL,NULL,16608.0,NULL,1.0
2022-11-09 15:05:00+01,3,Fontivsolar,SomEnergia_Fontivsolar,28,inversor7,NULL,NULL,NULL,58.32,181.58,NULL,NULL,NULL,NULL,15557.0,NULL,1.0
2022-11-09 15:05:00+01,3,Fontivsolar,SomEnergia_Fontivsolar,26,inversor5,NULL,NULL,NULL,58.13,180.31,NULL,NULL,NULL,NULL,16581.0,NULL,1.0
2022-11-09 15:00:00+01,3,Fontivsolar,SomEnergia_Fontivsolar,26,inversor5,NULL,NULL,NULL,15.0,177.86,NULL,NULL,NULL,NULL,16581.0,NULL,1.0
2022-11-09 15:00:00+01,3,Fontivsolar,SomEnergia_Fontivsolar,27,inversor6,NULL,NULL,NULL,14.83,176.45,NULL,NULL,NULL,NULL,16608.0,NULL,1.0
2022-11-09 15:00:00+01,1,Alcolea,SomEnergia_Alcolea,17,inversor2,NULL,NULL,NULL,343.4,651.7,NULL,NULL,NULL,NULL,28305.0,42,1.0
2022-11-09 15:00:00+01,1,Alcolea,SomEnergia_Alcolea,16,inversor1,NULL,NULL,NULL,0.0,670.5,NULL,NULL,NULL,NULL,28299.0,13,1.0
2022-11-09 15:00:00+01,3,Fontivsolar,SomEnergia_Fontivsolar,28,inversor7,NULL,NULL,NULL,15.15,180.09,NULL,NULL,NULL,NULL,15557.0,NULL,1.0
2022-11-09 15:00:00+01,3,Fontivsolar,SomEnergia_Fontivsolar,22,inversor1,NULL,NULL,NULL,15.11,172.79,NULL,NULL,NULL,NULL,2571.0,NULL,1.0
2022-11-09 15:00:00+01,6,Florida,SomEnergia_La_Florida,21,inversor2,NULL,NULL,NULL,NULL,NULL,NULL,NULL,NULL,NULL,NULL,NULL,NULL
2022-11-09 15:00:00+01,3,Fontivsolar,SomEnergia_Fontivsolar,29,inversor8,NULL,NULL,NULL,14.79,175.39,NULL,NULL,NULL,NULL,16355.0,NULL,1.0
2022-11-09 15:00:00+01,3,Fontivsolar,SomEnergia_Fontivsolar,23,inversor2,NULL,NULL,NULL,14.93,177.58,NULL,NULL,NULL,NULL,16618.0,NULL,1.0
2022-11-09 15:00:00+01,3,Fontivsolar,SomEnergia_Fontivsolar,24,inversor3,NULL,NULL,NULL,14.9,175.66,NULL,NULL,NULL,NULL,16625.0,NULL,1.0
2022-11-09 15:00:00+01,3,Fontivsolar,SomEnergia_Fontivsolar,25,inversor4,NULL,NULL,NULL,15.21,181.48,NULL,NULL,NULL,NULL,15786.0,NULL,1.0
2022-11-09 15:00:00+01,7,Matallana,SomEnergia_Exiom,33,inversor2,NULL,NULL,NULL,0.0,1066.2,NULL,NULL,NULL,NULL,18250.0,42,1.0
2022-11-09 15:00:00+01,1,Alcolea,SomEnergia_Alcolea,18,inversor3,NULL,NULL,NULL,352.78,662.4,NULL,NULL,NULL,NULL,28211.0,42,1.0
2022-11-09 15:00:00+01,1,Alcolea,SomEnergia_Alcolea,19,inversor4,NULL,NULL,NULL,339.04,637.0,NULL,NULL,NULL,NULL,28259.0,42,1.0
2022-11-09 03:00:00+01,6,Florida,SomEnergia_La_Florida,20,inversor1,NULL,NULL,NULL,NULL,NULL,NULL,NULL,NULL,NULL,NULL,NULL,NULL
2022-11-09 15:00:00+01,7,Matallana,SomEnergia_Exiom,30,inversor3,NULL,NULL,NULL,0.0,778.1,NULL,NULL,NULL,NULL,18379.0,42,1.0
2022-11-09 15:00:00+01,7,Matallana,SomEnergia_Exiom,32,inversor1,NULL,NULL,NULL,0.0,769.1,NULL,NULL,NULL,NULL,17878.0,42,1.0
2022-11-09 15:00:00+01,7,Matallana,SomEnergia_Exiom,31,inversor4,NULL,NULL,NULL,0.0,775.6,NULL,NULL,NULL,NULL,18344.0,42,1.0
2022-11-09 14:55:00+01,7,Matallana,SomEnergia_Exiom,31,inversor4,NULL,NULL,NULL,391.22,751.5,NULL,NULL,NULL,NULL,18344.0,42,1.0
2022-11-09 14:55:00+01,7,Matallana,SomEnergia_Exiom,32,inversor1,NULL,NULL,NULL,356.65,748.7,NULL,NULL,NULL,NULL,17878.0,42,1.0
2022-11-09 14:55:00+01,7,Matallana,SomEnergia_Exiom,30,inversor3,NULL,NULL,NULL,360.1,753.2,NULL,NULL,NULL,NULL,18379.0,42,1.0
2022-11-09 14:55:00+01,7,Matallana,SomEnergia_Exiom,33,inversor2,NULL,NULL,NULL,309.29,1066.2,NULL,NULL,NULL,NULL,18250.0,42,1.0
2022-11-09 14:55:00+01,3,Fontivsolar,SomEnergia_Fontivsolar,25,inversor4,NULL,NULL,NULL,14.82,179.92,NULL,NULL,NULL,NULL,15786.0,NULL,1.0
2022-11-09 14:55:00+01,3,Fontivsolar,SomEnergia_Fontivsolar,23,inversor2,NULL,NULL,NULL,14.72,176.04,NULL,NULL,NULL,NULL,16618.0,NULL,1.0
2022-11-09 14:55:00+01,3,Fontivsolar,SomEnergia_Fontivsolar,24,inversor3,NULL,NULL,NULL,14.49,174.37,NULL,NULL,NULL,NULL,16625.0,NULL,1.0
2022-11-09 14:55:00+01,3,Fontivsolar,SomEnergia_Fontivsolar,29,inversor8,NULL,NULL,NULL,14.84,173.85,NULL,NULL,NULL,NULL,16355.0,NULL,1.0
2022-11-09 02:55:00+01,6,Florida,SomEnergia_La_Florida,20,inversor1,NULL,NULL,NULL,0.0,4132305.1,NULL,NULL,NULL,NULL,13379.0,60,1.0
2022-11-09 14:55:00+01,1,Alcolea,SomEnergia_Alcolea,18,inversor3,NULL,NULL,NULL,310.22,643.1,NULL,NULL,NULL,NULL,28211.0,42,1.0
2022-11-09 14:55:00+01,1,Alcolea,SomEnergia_Alcolea,19,inversor4,NULL,NULL,NULL,260.92,614.1,NULL,NULL,NULL,NULL,28258.0,42,1.0
2022-11-09 14:55:00+01,3,Fontivsolar,SomEnergia_Fontivsolar,28,inversor7,NULL,NULL,NULL,14.95,178.52,NULL,NULL,NULL,NULL,15556.0,NULL,1.0
2022-11-09 14:55:00+01,3,Fontivsolar,SomEnergia_Fontivsolar,27,inversor6,NULL,NULL,NULL,14.58,175.17,NULL,NULL,NULL,NULL,16608.0,NULL,1.0
2022-11-09 14:55:00+01,3,Fontivsolar,SomEnergia_Fontivsolar,26,inversor5,NULL,NULL,NULL,15.19,176.53,NULL,NULL,NULL,NULL,16581.0,NULL,1.0
2022-11-09 14:55:00+01,1,Alcolea,SomEnergia_Alcolea,16,inversor1,NULL,NULL,NULL,0.0,645.1,NULL,NULL,NULL,NULL,28299.0,14,1.0
2022-11-09 14:55:00+01,1,Alcolea,SomEnergia_Alcolea,17,inversor2,NULL,NULL,NULL,332.7,625.6,NULL,NULL,NULL,NULL,28305.0,42,1.0
2022-11-09 14:55:00+01,6,Florida,SomEnergia_La_Florida,21,inversor2,NULL,NULL,NULL,0.0,4208668.4,NULL,NULL,NULL,NULL,13401.0,60,1.0
2022-11-09 14:55:00+01,3,Fontivsolar,SomEnergia_Fontivsolar,22,inversor1,NULL,NULL,NULL,14.37,171.5,NULL,NULL,NULL,NULL,2571.0,NULL,1.0
2022-11-09 14:50:00+01,3,Fontivsolar,SomEnergia_Fontivsolar,22,inversor1,NULL,NULL,NULL,11.09,170.44,NULL,NULL,NULL,NULL,2571.0,NULL,1.0
2022-11-09 14:50:00+01,6,Florida,SomEnergia_La_Florida,21,inversor2,NULL,NULL,NULL,0.0,4208644.0,NULL,NULL,NULL,NULL,13401.0,60,1.0
2022-11-09 14:50:00+01,1,Alcolea,SomEnergia_Alcolea,17,inversor2,NULL,NULL,NULL,188.25,615.7,NULL,NULL,NULL,NULL,28305.0,42,1.0
2022-11-09 14:50:00+01,1,Alcolea,SomEnergia_Alcolea,16,inversor1,NULL,NULL,NULL,0.0,623.7,NULL,NULL,NULL,NULL,28299.0,15,1.0
2022-11-09 14:50:00+01,3,Fontivsolar,SomEnergia_Fontivsolar,27,inversor6,NULL,NULL,NULL,11.72,174.08,NULL,NULL,NULL,NULL,16608.0,NULL,1.0
2022-11-09 14:50:00+01,3,Fontivsolar,SomEnergia_Fontivsolar,28,inversor7,NULL,NULL,NULL,11.97,177.43,NULL,NULL,NULL,NULL,15556.0,NULL,1.0
2022-11-09 14:50:00+01,3,Fontivsolar,SomEnergia_Fontivsolar,26,inversor5,NULL,NULL,NULL,12.03,175.2,NULL,NULL,NULL,NULL,16581.0,NULL,1.0
2022-11-09 14:50:00+01,1,Alcolea,SomEnergia_Alcolea,19,inversor4,NULL,NULL,NULL,76.55,604.1,NULL,NULL,NULL,NULL,28258.0,42,1.0
2022-11-09 02:50:00+01,6,Florida,SomEnergia_La_Florida,20,inversor1,NULL,NULL,NULL,0.0,4132283.6,NULL,NULL,NULL,NULL,13379.0,60,1.0
2022-11-09 14:50:00+01,1,Alcolea,SomEnergia_Alcolea,18,inversor3,NULL,NULL,NULL,81.05,636.4,NULL,NULL,NULL,NULL,28211.0,42,1.0
2022-11-09 14:50:00+01,3,Fontivsolar,SomEnergia_Fontivsolar,24,inversor3,NULL,NULL,NULL,11.36,173.3,NULL,NULL,NULL,NULL,16625.0,NULL,1.0
2022-11-09 14:50:00+01,3,Fontivsolar,SomEnergia_Fontivsolar,25,inversor4,NULL,NULL,NULL,11.98,178.83,NULL,NULL,NULL,NULL,15786.0,NULL,1.0
2022-11-09 14:50:00+01,3,Fontivsolar,SomEnergia_Fontivsolar,23,inversor2,NULL,NULL,NULL,11.63,174.98,NULL,NULL,NULL,NULL,16618.0,NULL,1.0
2022-11-09 14:50:00+01,7,Matallana,SomEnergia_Exiom,33,inversor2,NULL,NULL,NULL,NULL,NULL,NULL,NULL,NULL,NULL,NULL,NULL,NULL
2022-11-09 14:50:00+01,7,Matallana,SomEnergia_Exiom,30,inversor3,NULL,NULL,NULL,366.91,718.7,NULL,NULL,NULL,NULL,18379.0,42,1.0
2022-11-09 14:50:00+01,3,Fontivsolar,SomEnergia_Fontivsolar,29,inversor8,NULL,NULL,NULL,11.81,172.78,NULL,NULL,NULL,NULL,16355.0,NULL,1.0
2022-11-09 14:50:00+01,7,Matallana,SomEnergia_Exiom,31,inversor4,NULL,NULL,NULL,386.83,717.1,NULL,NULL,NULL,NULL,18344.0,42,1.0
2022-11-09 14:50:00+01,7,Matallana,SomEnergia_Exiom,32,inversor1,NULL,NULL,NULL,384.76,717.5,NULL,NULL,NULL,NULL,17878.0,42,1.0
2022-11-09 14:45:00+01,7,Matallana,SomEnergia_Exiom,32,inversor1,NULL,NULL,NULL,139.56,692.1,NULL,NULL,NULL,NULL,17878.0,42,1.0
2022-11-09 14:45:00+01,7,Matallana,SomEnergia_Exiom,31,inversor4,NULL,NULL,NULL,114.2,693.8,NULL,NULL,NULL,NULL,18344.0,42,1.0
2022-11-09 14:45:00+01,3,Fontivsolar,SomEnergia_Fontivsolar,29,inversor8,NULL,NULL,NULL,12.65,171.8,NULL,NULL,NULL,NULL,16355.0,NULL,1.0
2022-11-09 14:45:00+01,7,Matallana,SomEnergia_Exiom,33,inversor2,NULL,NULL,NULL,NULL,NULL,NULL,NULL,NULL,NULL,NULL,NULL,NULL
2022-11-09 14:45:00+01,3,Fontivsolar,SomEnergia_Fontivsolar,23,inversor2,NULL,NULL,NULL,11.83,174.04,NULL,NULL,NULL,NULL,16618.0,NULL,1.0
2022-11-09 14:45:00+01,3,Fontivsolar,SomEnergia_Fontivsolar,24,inversor3,NULL,NULL,NULL,11.37,172.4,NULL,NULL,NULL,NULL,16625.0,NULL,1.0
2022-11-09 14:45:00+01,3,Fontivsolar,SomEnergia_Fontivsolar,25,inversor4,NULL,NULL,NULL,12.27,177.85,NULL,NULL,NULL,NULL,15786.0,NULL,1.0
2022-11-09 14:45:00+01,1,Alcolea,SomEnergia_Alcolea,18,inversor3,NULL,NULL,NULL,98.04,622.8,NULL,NULL,NULL,NULL,28211.0,42,1.0
2022-11-09 14:45:00+01,1,Alcolea,SomEnergia_Alcolea,19,inversor4,NULL,NULL,NULL,98.49,593.3,NULL,NULL,NULL,NULL,28258.0,42,1.0
2022-11-09 02:45:00+01,6,Florida,SomEnergia_La_Florida,20,inversor1,NULL,NULL,NULL,0.0,4132270.1,NULL,NULL,NULL,NULL,13379.0,60,1.0
2022-11-09 14:45:00+01,7,Matallana,SomEnergia_Exiom,30,inversor3,NULL,NULL,NULL,115.45,695.6,NULL,NULL,NULL,NULL,18379.0,42,1.0
2022-11-09 14:45:00+01,6,Florida,SomEnergia_La_Florida,21,inversor2,NULL,NULL,NULL,0.0,4208629.0,NULL,NULL,NULL,NULL,13401.0,60,1.0
2022-11-09 14:45:00+01,3,Fontivsolar,SomEnergia_Fontivsolar,22,inversor1,NULL,NULL,NULL,10.86,169.58,NULL,NULL,NULL,NULL,2571.0,NULL,1.0
2022-11-09 14:45:00+01,3,Fontivsolar,SomEnergia_Fontivsolar,26,inversor5,NULL,NULL,NULL,12.5,174.21,NULL,NULL,NULL,NULL,16581.0,NULL,1.0
2022-11-09 14:45:00+01,3,Fontivsolar,SomEnergia_Fontivsolar,27,inversor6,NULL,NULL,NULL,12.16,173.13,NULL,NULL,NULL,NULL,16608.0,NULL,1.0
2022-11-09 14:45:00+01,1,Alcolea,SomEnergia_Alcolea,16,inversor1,NULL,NULL,NULL,0.0,616.7,NULL,NULL,NULL,NULL,28299.0,16,1.0
2022-11-09 14:45:00+01,1,Alcolea,SomEnergia_Alcolea,17,inversor2,NULL,NULL,NULL,91.33,604.3,NULL,NULL,NULL,NULL,28305.0,42,1.0
2022-11-09 14:45:00+01,3,Fontivsolar,SomEnergia_Fontivsolar,28,inversor7,NULL,NULL,NULL,12.57,176.45,NULL,NULL,NULL,NULL,15556.0,NULL,1.0
2022-11-09 14:40:00+01,3,Fontivsolar,SomEnergia_Fontivsolar,28,inversor7,NULL,NULL,NULL,21.26,174.37,NULL,NULL,NULL,NULL,15556.0,NULL,1.0
2022-11-09 14:40:00+01,3,Fontivsolar,SomEnergia_Fontivsolar,27,inversor6,NULL,NULL,NULL,20.47,171.16,NULL,NULL,NULL,NULL,16608.0,NULL,1.0
2022-11-09 14:40:00+01,3,Fontivsolar,SomEnergia_Fontivsolar,26,inversor5,NULL,NULL,NULL,21.55,172.05,NULL,NULL,NULL,NULL,16581.0,NULL,1.0
2022-11-09 14:40:00+01,1,Alcolea,SomEnergia_Alcolea,17,inversor2,NULL,NULL,NULL,115.77,595.0,NULL,NULL,NULL,NULL,28305.0,42,1.0
2022-11-09 14:40:00+01,1,Alcolea,SomEnergia_Alcolea,16,inversor1,NULL,NULL,NULL,0.0,605.5,NULL,NULL,NULL,NULL,28299.0,17,1.0
2022-11-09 14:40:00+01,3,Fontivsolar,SomEnergia_Fontivsolar,22,inversor1,NULL,NULL,NULL,19.13,167.79,NULL,NULL,NULL,NULL,2571.0,NULL,1.0
2022-11-09 14:40:00+01,6,Florida,SomEnergia_La_Florida,21,inversor2,NULL,NULL,NULL,0.0,4208613.9,NULL,NULL,NULL,NULL,13401.0,60,1.0
2022-11-09 14:40:00+01,7,Matallana,SomEnergia_Exiom,30,inversor3,NULL,NULL,NULL,132.32,683.6,NULL,NULL,NULL,NULL,18379.0,42,1.0
2022-11-09 14:40:00+01,3,Fontivsolar,SomEnergia_Fontivsolar,25,inversor4,NULL,NULL,NULL,20.54,175.85,NULL,NULL,NULL,NULL,15786.0,NULL,1.0
2022-11-09 14:40:00+01,3,Fontivsolar,SomEnergia_Fontivsolar,23,inversor2,NULL,NULL,NULL,20.24,172.03,NULL,NULL,NULL,NULL,16618.0,NULL,1.0
2022-11-09 14:40:00+01,3,Fontivsolar,SomEnergia_Fontivsolar,24,inversor3,NULL,NULL,NULL,19.53,170.56,NULL,NULL,NULL,NULL,16625.0,NULL,1.0
2022-11-09 14:40:00+01,7,Matallana,SomEnergia_Exiom,33,inversor2,NULL,NULL,NULL,NULL,NULL,NULL,NULL,NULL,NULL,NULL,NULL,NULL
2022-11-09 14:40:00+01,3,Fontivsolar,SomEnergia_Fontivsolar,29,inversor8,NULL,NULL,NULL,21.53,169.67,NULL,NULL,NULL,NULL,16355.0,NULL,1.0
2022-11-09 02:40:00+01,6,Florida,SomEnergia_La_Florida,20,inversor1,NULL,NULL,NULL,0.0,4132248.9,NULL,NULL,NULL,NULL,13379.0,60,1.0
2022-11-09 14:40:00+01,1,Alcolea,SomEnergia_Alcolea,18,inversor3,NULL,NULL,NULL,120.87,613.4,NULL,NULL,NULL,NULL,28211.0,42,1.0
2022-11-09 14:40:00+01,1,Alcolea,SomEnergia_Alcolea,19,inversor4,NULL,NULL,NULL,112.54,583.1,NULL,NULL,NULL,NULL,28258.0,42,1.0
2022-11-09 14:40:00+01,7,Matallana,SomEnergia_Exiom,32,inversor1,NULL,NULL,NULL,187.47,675.1,NULL,NULL,NULL,NULL,17878.0,42,1.0
2022-11-09 14:40:00+01,7,Matallana,SomEnergia_Exiom,31,inversor4,NULL,NULL,NULL,128.87,681.3,NULL,NULL,NULL,NULL,18344.0,42,1.0
2022-11-09 14:35:00+01,7,Matallana,SomEnergia_Exiom,31,inversor4,NULL,NULL,NULL,96.41,672.0,NULL,NULL,NULL,NULL,18344.0,42,1.0
2022-11-09 14:35:00+01,7,Matallana,SomEnergia_Exiom,32,inversor1,NULL,NULL,NULL,88.62,666.2,NULL,NULL,NULL,NULL,17878.0,42,1.0
2022-11-09 14:35:00+01,1,Alcolea,SomEnergia_Alcolea,19,inversor4,NULL,NULL,NULL,105.34,574.4,NULL,NULL,NULL,NULL,28258.0,42,1.0
2022-11-09 02:35:00+01,6,Florida,SomEnergia_La_Florida,20,inversor1,NULL,NULL,NULL,0.0,4132211.7,NULL,NULL,NULL,NULL,13379.0,60,1.0
2022-11-09 14:35:00+01,1,Alcolea,SomEnergia_Alcolea,18,inversor3,NULL,NULL,NULL,111.71,604.7,NULL,NULL,NULL,NULL,28211.0,42,1.0
2022-11-09 14:35:00+01,7,Matallana,SomEnergia_Exiom,33,inversor2,NULL,NULL,NULL,NULL,NULL,NULL,NULL,NULL,NULL,NULL,NULL,NULL
2022-11-09 14:35:00+01,3,Fontivsolar,SomEnergia_Fontivsolar,24,inversor3,NULL,NULL,NULL,36.6,167.75,NULL,NULL,NULL,NULL,16624.0,NULL,1.0
2022-11-09 14:35:00+01,3,Fontivsolar,SomEnergia_Fontivsolar,25,inversor4,NULL,NULL,NULL,34.66,173.36,NULL,NULL,NULL,NULL,15786.0,NULL,1.0
2022-11-09 14:35:00+01,3,Fontivsolar,SomEnergia_Fontivsolar,23,inversor2,NULL,NULL,NULL,40.29,169.57,NULL,NULL,NULL,NULL,16618.0,NULL,1.0
2022-11-09 14:35:00+01,7,Matallana,SomEnergia_Exiom,30,inversor3,NULL,NULL,NULL,98.78,674.7,NULL,NULL,NULL,NULL,18379.0,42,1.0
2022-11-09 14:35:00+01,3,Fontivsolar,SomEnergia_Fontivsolar,29,inversor8,NULL,NULL,NULL,30.71,167.2,NULL,NULL,NULL,NULL,16355.0,NULL,1.0
2022-11-09 14:35:00+01,1,Alcolea,SomEnergia_Alcolea,16,inversor1,NULL,NULL,NULL,0.0,596.4,NULL,NULL,NULL,NULL,28298.0,18,1.0
2022-11-09 14:35:00+01,1,Alcolea,SomEnergia_Alcolea,17,inversor2,NULL,NULL,NULL,107.88,586.3,NULL,NULL,NULL,NULL,28305.0,42,1.0
2022-11-09 14:35:00+01,3,Fontivsolar,SomEnergia_Fontivsolar,27,inversor6,NULL,NULL,NULL,32.82,168.77,NULL,NULL,NULL,NULL,16608.0,NULL,1.0
2022-11-09 14:35:00+01,3,Fontivsolar,SomEnergia_Fontivsolar,28,inversor7,NULL,NULL,NULL,32.3,171.9,NULL,NULL,NULL,NULL,15556.0,NULL,1.0
2022-11-09 14:35:00+01,3,Fontivsolar,SomEnergia_Fontivsolar,26,inversor5,NULL,NULL,NULL,37.53,169.54,NULL,NULL,NULL,NULL,16581.0,NULL,1.0
2022-11-09 14:35:00+01,6,Florida,SomEnergia_La_Florida,21,inversor2,NULL,NULL,NULL,0.0,4208583.0,NULL,NULL,NULL,NULL,13400.0,60,1.0
2022-11-09 14:35:00+01,3,Fontivsolar,SomEnergia_Fontivsolar,22,inversor1,NULL,NULL,NULL,37.65,165.49,NULL,NULL,NULL,NULL,2571.0,NULL,1.0
2022-11-09 14:30:00+01,3,Fontivsolar,SomEnergia_Fontivsolar,22,inversor1,NULL,NULL,NULL,67.98,161.11,NULL,NULL,NULL,NULL,2571.0,NULL,1.0
2022-11-09 14:30:00+01,6,Florida,SomEnergia_La_Florida,21,inversor2,NULL,NULL,NULL,0.0,4208563.6,NULL,NULL,NULL,NULL,13400.0,60,1.0
2022-11-09 14:30:00+01,3,Fontivsolar,SomEnergia_Fontivsolar,26,inversor5,NULL,NULL,NULL,71.07,166.02,NULL,NULL,NULL,NULL,16581.0,NULL,1.0
2022-11-09 14:30:00+01,3,Fontivsolar,SomEnergia_Fontivsolar,27,inversor6,NULL,NULL,NULL,74.85,165.55,NULL,NULL,NULL,NULL,16608.0,NULL,1.0
2022-11-09 14:30:00+01,1,Alcolea,SomEnergia_Alcolea,17,inversor2,NULL,NULL,NULL,93.94,578.4,NULL,NULL,NULL,NULL,28305.0,42,1.0
2022-11-09 14:30:00+01,1,Alcolea,SomEnergia_Alcolea,16,inversor1,NULL,NULL,NULL,0.0,588.2,NULL,NULL,NULL,NULL,28298.0,19,1.0
2022-11-09 14:30:00+01,3,Fontivsolar,SomEnergia_Fontivsolar,28,inversor7,NULL,NULL,NULL,75.06,168.45,NULL,NULL,NULL,NULL,15556.0,NULL,1.0
2022-11-09 14:30:00+01,3,Fontivsolar,SomEnergia_Fontivsolar,29,inversor8,NULL,NULL,NULL,77.17,163.65,NULL,NULL,NULL,NULL,16355.0,NULL,1.0
2022-11-09 14:30:00+01,3,Fontivsolar,SomEnergia_Fontivsolar,23,inversor2,NULL,NULL,NULL,69.3,166.09,NULL,NULL,NULL,NULL,16617.0,NULL,1.0
2022-11-09 14:30:00+01,3,Fontivsolar,SomEnergia_Fontivsolar,24,inversor3,NULL,NULL,NULL,72.33,163.93,NULL,NULL,NULL,NULL,16624.0,NULL,1.0
2022-11-09 14:30:00+01,3,Fontivsolar,SomEnergia_Fontivsolar,25,inversor4,NULL,NULL,NULL,72.96,169.71,NULL,NULL,NULL,NULL,15786.0,NULL,1.0
2022-11-09 14:30:00+01,7,Matallana,SomEnergia_Exiom,33,inversor2,NULL,NULL,NULL,266.89,1066.2,NULL,NULL,NULL,NULL,18250.0,42,1.0
2022-11-09 14:30:00+01,1,Alcolea,SomEnergia_Alcolea,18,inversor3,NULL,NULL,NULL,95.57,596.7,NULL,NULL,NULL,NULL,28210.0,42,1.0
2022-11-09 14:30:00+01,1,Alcolea,SomEnergia_Alcolea,19,inversor4,NULL,NULL,NULL,91.41,566.7,NULL,NULL,NULL,NULL,28258.0,42,1.0
2022-11-09 02:30:00+01,6,Florida,SomEnergia_La_Florida,20,inversor1,NULL,NULL,NULL,0.0,4132190.6,NULL,NULL,NULL,NULL,13379.0,60,1.0
2022-11-09 14:30:00+01,7,Matallana,SomEnergia_Exiom,30,inversor3,NULL,NULL,NULL,275.54,658.1,NULL,NULL,NULL,NULL,18379.0,42,1.0
2022-11-09 14:30:00+01,7,Matallana,SomEnergia_Exiom,31,inversor4,NULL,NULL,NULL,251.76,656.8,NULL,NULL,NULL,NULL,18344.0,42,1.0
2022-11-09 14:30:00+01,7,Matallana,SomEnergia_Exiom,32,inversor1,NULL,NULL,NULL,448.0,652.3,NULL,NULL,NULL,NULL,17877.0,42,1.0
2022-11-09 14:25:00+01,7,Matallana,SomEnergia_Exiom,32,inversor1,NULL,NULL,NULL,0,620.2,NULL,NULL,NULL,NULL,17877.0,42,1.0
2022-11-09 14:25:00+01,7,Matallana,SomEnergia_Exiom,31,inversor4,NULL,NULL,NULL,382.38,620.6,NULL,NULL,NULL,NULL,18344.0,42,1.0
2022-11-09 14:25:00+01,7,Matallana,SomEnergia_Exiom,30,inversor3,NULL,NULL,NULL,390.39,621.4,NULL,NULL,NULL,NULL,18379.0,42,1.0
2022-11-09 14:25:00+01,7,Matallana,SomEnergia_Exiom,33,inversor2,NULL,NULL,NULL,390.4,1066.2,NULL,NULL,NULL,NULL,18250.0,42,1.0
2022-11-09 14:25:00+01,3,Fontivsolar,SomEnergia_Fontivsolar,25,inversor4,NULL,NULL,NULL,83.09,163.07,NULL,NULL,NULL,NULL,15786.0,NULL,1.0
2022-11-09 14:25:00+01,3,Fontivsolar,SomEnergia_Fontivsolar,23,inversor2,NULL,NULL,NULL,81.98,159.48,NULL,NULL,NULL,NULL,16617.0,NULL,1.0
2022-11-09 14:25:00+01,3,Fontivsolar,SomEnergia_Fontivsolar,24,inversor3,NULL,NULL,NULL,82.28,157.32,NULL,NULL,NULL,NULL,16624.0,NULL,1.0
2022-11-09 14:25:00+01,3,Fontivsolar,SomEnergia_Fontivsolar,29,inversor8,NULL,NULL,NULL,81.73,157.08,NULL,NULL,NULL,NULL,16355.0,NULL,1.0
2022-11-09 02:25:00+01,6,Florida,SomEnergia_La_Florida,20,inversor1,NULL,NULL,NULL,0.0,4132177.2,NULL,NULL,NULL,NULL,13379.0,60,1.0
2022-11-09 14:25:00+01,1,Alcolea,SomEnergia_Alcolea,18,inversor3,NULL,NULL,NULL,98.66,588.4,NULL,NULL,NULL,NULL,28210.0,42,1.0
2022-11-09 14:25:00+01,1,Alcolea,SomEnergia_Alcolea,19,inversor4,NULL,NULL,NULL,91.23,559.0,NULL,NULL,NULL,NULL,28258.0,42,1.0
2022-11-09 14:25:00+01,6,Florida,SomEnergia_La_Florida,21,inversor2,NULL,NULL,NULL,0.0,4208550.0,NULL,NULL,NULL,NULL,13400.0,60,1.0
2022-11-09 14:25:00+01,3,Fontivsolar,SomEnergia_Fontivsolar,22,inversor1,NULL,NULL,NULL,83.13,154.44,NULL,NULL,NULL,NULL,2571.0,NULL,1.0
2022-11-09 14:25:00+01,3,Fontivsolar,SomEnergia_Fontivsolar,28,inversor7,NULL,NULL,NULL,82.86,161.78,NULL,NULL,NULL,NULL,15556.0,NULL,1.0
2022-11-09 14:25:00+01,3,Fontivsolar,SomEnergia_Fontivsolar,27,inversor6,NULL,NULL,NULL,82.24,157.64,NULL,NULL,NULL,NULL,16608.0,NULL,1.0
2022-11-09 14:25:00+01,3,Fontivsolar,SomEnergia_Fontivsolar,26,inversor5,NULL,NULL,NULL,82.28,159.38,NULL,NULL,NULL,NULL,16580.0,NULL,1.0
2022-11-09 14:25:00+01,1,Alcolea,SomEnergia_Alcolea,16,inversor1,NULL,NULL,NULL,0.0,580.3,NULL,NULL,NULL,NULL,28298.0,20,1.0
2022-11-09 14:25:00+01,1,Alcolea,SomEnergia_Alcolea,17,inversor2,NULL,NULL,NULL,95.89,570.5,NULL,NULL,NULL,NULL,28304.0,42,1.0
2022-11-09 14:20:00+01,1,Alcolea,SomEnergia_Alcolea,17,inversor2,NULL,NULL,NULL,101.05,562.0,NULL,NULL,NULL,NULL,28304.0,42,1.0
2022-11-09 14:20:00+01,1,Alcolea,SomEnergia_Alcolea,16,inversor1,NULL,NULL,NULL,0.0,572.5,NULL,NULL,NULL,NULL,28298.0,21,1.0
2022-11-09 14:20:00+01,3,Fontivsolar,SomEnergia_Fontivsolar,27,inversor6,NULL,NULL,NULL,54.48,151.28,NULL,NULL,NULL,NULL,16608.0,NULL,1.0
2022-11-09 14:20:00+01,3,Fontivsolar,SomEnergia_Fontivsolar,28,inversor7,NULL,NULL,NULL,52.74,154.93,NULL,NULL,NULL,NULL,15556.0,NULL,1.0
2022-11-09 14:20:00+01,3,Fontivsolar,SomEnergia_Fontivsolar,26,inversor5,NULL,NULL,NULL,55.39,152.69,NULL,NULL,NULL,NULL,16580.0,NULL,1.0
2022-11-09 14:20:00+01,3,Fontivsolar,SomEnergia_Fontivsolar,22,inversor1,NULL,NULL,NULL,58.41,147.74,NULL,NULL,NULL,NULL,2571.0,NULL,1.0
2022-11-09 14:20:00+01,6,Florida,SomEnergia_La_Florida,21,inversor2,NULL,NULL,NULL,0.0,4208522.1,NULL,NULL,NULL,NULL,13400.0,60,1.0
2022-11-09 14:20:00+01,1,Alcolea,SomEnergia_Alcolea,19,inversor4,NULL,NULL,NULL,100.89,550.8,NULL,NULL,NULL,NULL,28258.0,42,1.0
2022-11-09 02:20:00+01,6,Florida,SomEnergia_La_Florida,20,inversor1,NULL,NULL,NULL,0.0,4132141.5,NULL,NULL,NULL,NULL,13379.0,60,1.0
2022-11-09 14:20:00+01,1,Alcolea,SomEnergia_Alcolea,18,inversor3,NULL,NULL,NULL,108.42,579.3,NULL,NULL,NULL,NULL,28210.0,42,1.0
2022-11-09 14:20:00+01,3,Fontivsolar,SomEnergia_Fontivsolar,24,inversor3,NULL,NULL,NULL,58.02,150.68,NULL,NULL,NULL,NULL,16624.0,NULL,1.0
2022-11-09 14:20:00+01,3,Fontivsolar,SomEnergia_Fontivsolar,25,inversor4,NULL,NULL,NULL,63.9,156.19,NULL,NULL,NULL,NULL,15785.0,NULL,1.0
2022-11-09 14:20:00+01,3,Fontivsolar,SomEnergia_Fontivsolar,23,inversor2,NULL,NULL,NULL,56.75,152.65,NULL,NULL,NULL,NULL,16617.0,NULL,1.0
2022-11-09 14:20:00+01,7,Matallana,SomEnergia_Exiom,33,inversor2,NULL,NULL,NULL,244.37,1066.2,NULL,NULL,NULL,NULL,18250.0,42,1.0
2022-11-09 14:20:00+01,7,Matallana,SomEnergia_Exiom,30,inversor3,NULL,NULL,NULL,238.48,593.0,NULL,NULL,NULL,NULL,18379.0,42,1.0
2022-11-09 14:20:00+01,3,Fontivsolar,SomEnergia_Fontivsolar,29,inversor8,NULL,NULL,NULL,49.48,150.5,NULL,NULL,NULL,NULL,16355.0,NULL,1.0
2022-11-09 14:20:00+01,7,Matallana,SomEnergia_Exiom,32,inversor1,NULL,NULL,NULL,0,586.9,NULL,NULL,NULL,NULL,17877.0,42,1.0
2022-11-09 14:20:00+01,7,Matallana,SomEnergia_Exiom,31,inversor4,NULL,NULL,NULL,212.26,592.1,NULL,NULL,NULL,NULL,18344.0,42,1.0
2022-11-09 14:15:00+01,7,Matallana,SomEnergia_Exiom,31,inversor4,NULL,NULL,NULL,284.15,565.1,NULL,NULL,NULL,NULL,18344.0,NULL,1.0
2022-11-09 14:15:00+01,7,Matallana,SomEnergia_Exiom,32,inversor1,NULL,NULL,NULL,0,563.6,NULL,NULL,NULL,NULL,17877.0,42,1.0
2022-11-09 14:15:00+01,3,Fontivsolar,SomEnergia_Fontivsolar,29,inversor8,NULL,NULL,NULL,28.66,146.06,NULL,NULL,NULL,NULL,16355.0,NULL,1.0
2022-11-09 14:15:00+01,7,Matallana,SomEnergia_Exiom,33,inversor2,NULL,NULL,NULL,283.31,1066.2,NULL,NULL,NULL,NULL,18250.0,42,1.0
2022-11-09 14:15:00+01,3,Fontivsolar,SomEnergia_Fontivsolar,23,inversor2,NULL,NULL,NULL,28.48,148.39,NULL,NULL,NULL,NULL,16617.0,NULL,1.0
2022-11-09 14:15:00+01,3,Fontivsolar,SomEnergia_Fontivsolar,24,inversor3,NULL,NULL,NULL,28.16,146.56,NULL,NULL,NULL,NULL,16624.0,NULL,1.0
2022-11-09 14:15:00+01,3,Fontivsolar,SomEnergia_Fontivsolar,25,inversor4,NULL,NULL,NULL,28.59,151.87,NULL,NULL,NULL,NULL,15785.0,NULL,1.0
2022-11-09 14:15:00+01,1,Alcolea,SomEnergia_Alcolea,18,inversor3,NULL,NULL,NULL,115.75,564.9,NULL,NULL,NULL,NULL,28210.0,42,1.0
2022-11-09 14:15:00+01,1,Alcolea,SomEnergia_Alcolea,19,inversor4,NULL,NULL,NULL,112.65,540.4,NULL,NULL,NULL,NULL,28258.0,42,1.0
2022-11-09 02:15:00+01,6,Florida,SomEnergia_La_Florida,20,inversor1,NULL,NULL,NULL,0.0,4132121.6,NULL,NULL,NULL,NULL,13379.0,60,1.0
2022-11-09 14:15:00+01,7,Matallana,SomEnergia_Exiom,30,inversor3,NULL,NULL,NULL,374.56,565.8,NULL,NULL,NULL,NULL,18378.0,42,1.0
2022-11-09 14:15:00+01,3,Fontivsolar,SomEnergia_Fontivsolar,26,inversor5,NULL,NULL,NULL,29.56,148.3,NULL,NULL,NULL,NULL,16580.0,NULL,1.0
2022-11-09 14:15:00+01,3,Fontivsolar,SomEnergia_Fontivsolar,27,inversor6,NULL,NULL,NULL,28.11,147.17,NULL,NULL,NULL,NULL,16607.0,NULL,1.0
2022-11-09 14:15:00+01,1,Alcolea,SomEnergia_Alcolea,16,inversor1,NULL,NULL,NULL,0.0,564.0,NULL,NULL,NULL,NULL,28298.0,21,1.0
2022-11-09 14:15:00+01,1,Alcolea,SomEnergia_Alcolea,17,inversor2,NULL,NULL,NULL,108.42,550.8,NULL,NULL,NULL,NULL,28304.0,42,1.0
2022-11-09 14:15:00+01,3,Fontivsolar,SomEnergia_Fontivsolar,28,inversor7,NULL,NULL,NULL,28.8,149.97,NULL,NULL,NULL,NULL,15556.0,NULL,1.0
2022-11-09 14:15:00+01,6,Florida,SomEnergia_La_Florida,21,inversor2,NULL,NULL,NULL,0.0,4208501.1,NULL,NULL,NULL,NULL,13400.0,60,1.0
2022-11-09 14:15:00+01,3,Fontivsolar,SomEnergia_Fontivsolar,22,inversor1,NULL,NULL,NULL,28.2,143.67,NULL,NULL,NULL,NULL,2571.0,NULL,1.0
2022-11-09 14:10:00+01,3,Fontivsolar,SomEnergia_Fontivsolar,22,inversor1,NULL,NULL,NULL,19.98,141.11,NULL,NULL,NULL,NULL,2570.0,NULL,1.0
2022-11-09 14:10:00+01,6,Florida,SomEnergia_La_Florida,21,inversor2,NULL,NULL,NULL,0.0,4208468.5,NULL,NULL,NULL,NULL,13400.0,60,1.0
2022-11-09 14:10:00+01,3,Fontivsolar,SomEnergia_Fontivsolar,28,inversor7,NULL,NULL,NULL,21.74,147.4,NULL,NULL,NULL,NULL,15556.0,NULL,1.0
2022-11-09 14:10:00+01,3,Fontivsolar,SomEnergia_Fontivsolar,27,inversor6,NULL,NULL,NULL,21.32,144.61,NULL,NULL,NULL,NULL,16607.0,NULL,1.0
2022-11-09 14:10:00+01,3,Fontivsolar,SomEnergia_Fontivsolar,26,inversor5,NULL,NULL,NULL,21.64,145.62,NULL,NULL,NULL,NULL,16580.0,NULL,1.0
2022-11-09 14:10:00+01,1,Alcolea,SomEnergia_Alcolea,17,inversor2,NULL,NULL,NULL,353.77,526.7,NULL,NULL,NULL,NULL,28304.0,42,1.0
2022-11-09 14:10:00+01,1,Alcolea,SomEnergia_Alcolea,16,inversor1,NULL,NULL,NULL,0.0,544.8,NULL,NULL,NULL,NULL,28298.0,21,1.0
2022-11-09 14:10:00+01,7,Matallana,SomEnergia_Exiom,30,inversor3,NULL,NULL,NULL,262.48,547.2,NULL,NULL,NULL,NULL,18378.0,42,1.0
2022-11-09 14:10:00+01,3,Fontivsolar,SomEnergia_Fontivsolar,25,inversor4,NULL,NULL,NULL,21.79,149.24,NULL,NULL,NULL,NULL,15785.0,NULL,1.0
2022-11-09 14:10:00+01,3,Fontivsolar,SomEnergia_Fontivsolar,23,inversor2,NULL,NULL,NULL,21.01,145.73,NULL,NULL,NULL,NULL,16617.0,NULL,1.0
2022-11-09 14:10:00+01,3,Fontivsolar,SomEnergia_Fontivsolar,24,inversor3,NULL,NULL,NULL,20.4,144.0,NULL,NULL,NULL,NULL,16624.0,NULL,1.0
2022-11-09 14:10:00+01,7,Matallana,SomEnergia_Exiom,33,inversor2,NULL,NULL,NULL,NULL,NULL,NULL,NULL,NULL,NULL,NULL,NULL,NULL
2022-11-09 14:10:00+01,3,Fontivsolar,SomEnergia_Fontivsolar,29,inversor8,NULL,NULL,NULL,21.52,143.08,NULL,NULL,NULL,NULL,16354.0,NULL,1.0
2022-11-09 02:10:00+01,6,Florida,SomEnergia_La_Florida,20,inversor1,NULL,NULL,NULL,0.0,4132091.0,NULL,NULL,NULL,NULL,13379.0,60,1.0
2022-11-09 14:10:00+01,1,Alcolea,SomEnergia_Alcolea,18,inversor3,NULL,NULL,NULL,157.29,547.6,NULL,NULL,NULL,NULL,28210.0,42,1.0
2022-11-09 14:10:00+01,1,Alcolea,SomEnergia_Alcolea,19,inversor4,NULL,NULL,NULL,131.46,526.8,NULL,NULL,NULL,NULL,28258.0,42,1.0
2022-11-09 14:10:00+01,7,Matallana,SomEnergia_Exiom,31,inversor4,NULL,NULL,NULL,291.66,547.1,NULL,NULL,NULL,NULL,18344.0,42,1.0
2022-11-09 14:10:00+01,7,Matallana,SomEnergia_Exiom,32,inversor1,NULL,NULL,NULL,0,545.5,NULL,NULL,NULL,NULL,17877.0,42,1.0
2022-11-09 14:05:00+01,7,Matallana,SomEnergia_Exiom,32,inversor1,NULL,NULL,NULL,0,526.8,NULL,NULL,NULL,NULL,17877.0,42,1.0
2022-11-09 14:05:00+01,7,Matallana,SomEnergia_Exiom,31,inversor4,NULL,NULL,NULL,192.64,526.8,NULL,NULL,NULL,NULL,18344.0,42,1.0
2022-11-09 14:05:00+01,1,Alcolea,SomEnergia_Alcolea,19,inversor4,NULL,NULL,NULL,182.01,513.1,NULL,NULL,NULL,NULL,28258.0,42,1.0
2022-11-09 02:05:00+01,6,Florida,SomEnergia_La_Florida,20,inversor1,NULL,NULL,NULL,0.0,4132065.5,NULL,NULL,NULL,NULL,13379.0,60,1.0
2022-11-09 14:05:00+01,1,Alcolea,SomEnergia_Alcolea,18,inversor3,NULL,NULL,NULL,344.25,531.8,NULL,NULL,NULL,NULL,28210.0,42,1.0
2022-11-09 14:05:00+01,7,Matallana,SomEnergia_Exiom,33,inversor2,NULL,NULL,NULL,NULL,NULL,NULL,NULL,NULL,NULL,NULL,NULL,NULL
2022-11-09 14:05:00+01,3,Fontivsolar,SomEnergia_Fontivsolar,24,inversor3,NULL,NULL,NULL,43.09,140.1,NULL,NULL,NULL,NULL,16624.0,NULL,1.0
2022-11-09 14:05:00+01,3,Fontivsolar,SomEnergia_Fontivsolar,25,inversor4,NULL,NULL,NULL,42.44,145.44,NULL,NULL,NULL,NULL,15785.0,NULL,1.0
2022-11-09 14:05:00+01,3,Fontivsolar,SomEnergia_Fontivsolar,23,inversor2,NULL,NULL,NULL,39.87,141.88,NULL,NULL,NULL,NULL,16617.0,NULL,1.0
2022-11-09 14:05:00+01,7,Matallana,SomEnergia_Exiom,30,inversor3,NULL,NULL,NULL,208.97,528.2,NULL,NULL,NULL,NULL,18378.0,42,1.0
2022-11-09 14:05:00+01,3,Fontivsolar,SomEnergia_Fontivsolar,29,inversor8,NULL,NULL,NULL,68.43,138.86,NULL,NULL,NULL,NULL,16354.0,NULL,1.0
2022-11-09 14:05:00+01,6,Florida,SomEnergia_La_Florida,21,inversor2,NULL,NULL,NULL,0.0,4208443.5,NULL,NULL,NULL,NULL,13400.0,60,1.0
2022-11-09 14:05:00+01,3,Fontivsolar,SomEnergia_Fontivsolar,22,inversor1,NULL,NULL,NULL,41.4,137.18,NULL,NULL,NULL,NULL,2570.0,NULL,1.0
2022-11-09 14:05:00+01,1,Alcolea,SomEnergia_Alcolea,16,inversor1,NULL,NULL,NULL,0.0,516.0,NULL,NULL,NULL,NULL,28298.0,21,1.0
2022-11-09 14:05:00+01,1,Alcolea,SomEnergia_Alcolea,17,inversor2,NULL,NULL,NULL,329.19,504.4,NULL,NULL,NULL,NULL,28304.0,42,1.0
2022-11-09 14:05:00+01,3,Fontivsolar,SomEnergia_Fontivsolar,27,inversor6,NULL,NULL,NULL,45.05,140.65,NULL,NULL,NULL,NULL,16607.0,NULL,1.0
2022-11-09 14:05:00+01,3,Fontivsolar,SomEnergia_Fontivsolar,28,inversor7,NULL,NULL,NULL,52.49,143.26,NULL,NULL,NULL,NULL,15556.0,NULL,1.0
2022-11-09 14:05:00+01,3,Fontivsolar,SomEnergia_Fontivsolar,26,inversor5,NULL,NULL,NULL,37.64,141.64,NULL,NULL,NULL,NULL,16580.0,NULL,1.0
2022-11-09 14:00:00+01,3,Fontivsolar,SomEnergia_Fontivsolar,26,inversor5,NULL,NULL,NULL,24.67,139.05,NULL,NULL,NULL,NULL,16580.0,NULL,1.0
2022-11-09 14:00:00+01,3,Fontivsolar,SomEnergia_Fontivsolar,27,inversor6,NULL,NULL,NULL,24.1,138.36,NULL,NULL,NULL,NULL,16607.0,NULL,1.0
2022-11-09 14:00:00+01,1,Alcolea,SomEnergia_Alcolea,17,inversor2,NULL,NULL,NULL,168.05,488.0,NULL,NULL,NULL,NULL,28304.0,42,1.0
2022-11-09 14:00:00+01,1,Alcolea,SomEnergia_Alcolea,16,inversor1,NULL,NULL,NULL,0.0,493.7,NULL,NULL,NULL,NULL,28298.0,21,1.0
2022-11-09 14:00:00+01,3,Fontivsolar,SomEnergia_Fontivsolar,28,inversor7,NULL,NULL,NULL,24.43,141.02,NULL,NULL,NULL,NULL,15556.0,NULL,1.0
2022-11-09 14:00:00+01,3,Fontivsolar,SomEnergia_Fontivsolar,22,inversor1,NULL,NULL,NULL,25.09,134.75,NULL,NULL,NULL,NULL,2570.0,NULL,1.0
2022-11-09 14:00:00+01,6,Florida,SomEnergia_La_Florida,21,inversor2,NULL,NULL,NULL,0.0,4208404.3,NULL,NULL,NULL,NULL,13400.0,60,1.0
2022-11-09 14:00:00+01,3,Fontivsolar,SomEnergia_Fontivsolar,29,inversor8,NULL,NULL,NULL,23.83,136.7,NULL,NULL,NULL,NULL,16354.0,NULL,1.0
2022-11-09 14:00:00+01,3,Fontivsolar,SomEnergia_Fontivsolar,23,inversor2,NULL,NULL,NULL,25.16,139.29,NULL,NULL,NULL,NULL,16617.0,NULL,1.0
2022-11-09 14:00:00+01,3,Fontivsolar,SomEnergia_Fontivsolar,24,inversor3,NULL,NULL,NULL,24.99,137.66,NULL,NULL,NULL,NULL,16624.0,NULL,1.0
2022-11-09 14:00:00+01,3,Fontivsolar,SomEnergia_Fontivsolar,25,inversor4,NULL,NULL,NULL,25.47,142.82,NULL,NULL,NULL,NULL,15785.0,NULL,1.0
2022-11-09 14:00:00+01,7,Matallana,SomEnergia_Exiom,33,inversor2,NULL,NULL,NULL,NULL,NULL,NULL,NULL,NULL,NULL,NULL,NULL,NULL
2022-11-09 14:00:00+01,1,Alcolea,SomEnergia_Alcolea,18,inversor3,NULL,NULL,NULL,228.53,517.1,NULL,NULL,NULL,NULL,28210.0,42,1.0
2022-11-09 14:00:00+01,1,Alcolea,SomEnergia_Alcolea,19,inversor4,NULL,NULL,NULL,190.83,499.2,NULL,NULL,NULL,NULL,28258.0,42,1.0
2022-11-09 02:00:00+01,6,Florida,SomEnergia_La_Florida,20,inversor1,NULL,NULL,NULL,0.0,4132034.4,NULL,NULL,NULL,NULL,13378.0,60,1.0
2022-11-09 14:00:00+01,7,Matallana,SomEnergia_Exiom,30,inversor3,NULL,NULL,NULL,212.52,514.2,NULL,NULL,NULL,NULL,18378.0,42,1.0
2022-11-09 14:00:00+01,7,Matallana,SomEnergia_Exiom,32,inversor1,NULL,NULL,NULL,0,512.3,NULL,NULL,NULL,NULL,17877.0,42,1.0
2022-11-09 14:00:00+01,7,Matallana,SomEnergia_Exiom,31,inversor4,NULL,NULL,NULL,158.54,513.2,NULL,NULL,NULL,NULL,18343.0,42,1.0
2022-11-09 13:55:00+01,7,Matallana,SomEnergia_Exiom,31,inversor4,NULL,NULL,NULL,152.32,499.5,NULL,NULL,NULL,NULL,18343.0,42,1.0
2022-11-09 13:55:00+01,7,Matallana,SomEnergia_Exiom,32,inversor1,NULL,NULL,NULL,0,500.9,NULL,NULL,NULL,NULL,17877.0,42,1.0
2022-11-09 13:55:00+01,7,Matallana,SomEnergia_Exiom,30,inversor3,NULL,NULL,NULL,152.9,499.7,NULL,NULL,NULL,NULL,18378.0,42,1.0
2022-11-09 13:55:00+01,7,Matallana,SomEnergia_Exiom,33,inversor2,NULL,NULL,NULL,144.17,1066.2,NULL,NULL,NULL,NULL,18249.0,42,1.0
2022-11-09 13:55:00+01,3,Fontivsolar,SomEnergia_Fontivsolar,25,inversor4,NULL,NULL,NULL,12.55,141.04,NULL,NULL,NULL,NULL,15785.0,NULL,1.0
2022-11-09 13:55:00+01,3,Fontivsolar,SomEnergia_Fontivsolar,23,inversor2,NULL,NULL,NULL,11.91,137.54,NULL,NULL,NULL,NULL,16617.0,NULL,1.0
2022-11-09 13:55:00+01,3,Fontivsolar,SomEnergia_Fontivsolar,24,inversor3,NULL,NULL,NULL,11.51,136.22,NULL,NULL,NULL,NULL,16624.0,NULL,1.0
2022-11-09 13:55:00+01,3,Fontivsolar,SomEnergia_Fontivsolar,29,inversor8,NULL,NULL,NULL,12.45,135.36,NULL,NULL,NULL,NULL,16354.0,NULL,1.0
2022-11-09 01:55:00+01,6,Florida,SomEnergia_La_Florida,20,inversor1,NULL,NULL,NULL,0.0,4132003.1,NULL,NULL,NULL,NULL,13378.0,60,1.0
2022-11-09 13:55:00+01,1,Alcolea,SomEnergia_Alcolea,18,inversor3,NULL,NULL,NULL,137.67,503.5,NULL,NULL,NULL,NULL,28210.0,42,1.0
2022-11-09 13:55:00+01,1,Alcolea,SomEnergia_Alcolea,19,inversor4,NULL,NULL,NULL,132.21,487.0,NULL,NULL,NULL,NULL,28257.0,42,1.0
2022-11-09 13:55:00+01,3,Fontivsolar,SomEnergia_Fontivsolar,28,inversor7,NULL,NULL,NULL,12.5,139.64,NULL,NULL,NULL,NULL,15555.0,NULL,1.0
2022-11-09 13:55:00+01,3,Fontivsolar,SomEnergia_Fontivsolar,27,inversor6,NULL,NULL,NULL,12.02,136.98,NULL,NULL,NULL,NULL,16607.0,NULL,1.0
2022-11-09 13:55:00+01,3,Fontivsolar,SomEnergia_Fontivsolar,26,inversor5,NULL,NULL,NULL,12.36,137.32,NULL,NULL,NULL,NULL,16580.0,NULL,1.0
2022-11-09 13:55:00+01,1,Alcolea,SomEnergia_Alcolea,16,inversor1,NULL,NULL,NULL,0.0,478.6,NULL,NULL,NULL,NULL,28298.0,21,1.0
2022-11-09 13:55:00+01,1,Alcolea,SomEnergia_Alcolea,17,inversor2,NULL,NULL,NULL,141.77,474.4,NULL,NULL,NULL,NULL,28304.0,42,1.0
2022-11-09 13:55:00+01,6,Florida,SomEnergia_La_Florida,21,inversor2,NULL,NULL,NULL,0.0,4208378.5,NULL,NULL,NULL,NULL,13400.0,60,1.0
2022-11-09 13:55:00+01,3,Fontivsolar,SomEnergia_Fontivsolar,22,inversor1,NULL,NULL,NULL,10.99,133.33,NULL,NULL,NULL,NULL,2570.0,NULL,1.0
2022-11-09 13:50:00+01,3,Fontivsolar,SomEnergia_Fontivsolar,22,inversor1,NULL,NULL,NULL,15.57,132.24,NULL,NULL,NULL,NULL,2570.0,NULL,1.0
2022-11-09 13:50:00+01,6,Florida,SomEnergia_La_Florida,21,inversor2,NULL,NULL,NULL,0.0,4208351.3,NULL,NULL,NULL,NULL,13400.0,60,1.0
2022-11-09 13:50:00+01,1,Alcolea,SomEnergia_Alcolea,17,inversor2,NULL,NULL,NULL,162.92,452.5,NULL,NULL,NULL,NULL,28304.0,42,1.0
2022-11-09 13:50:00+01,1,Alcolea,SomEnergia_Alcolea,16,inversor1,NULL,NULL,NULL,0.0,464.3,NULL,NULL,NULL,NULL,28298.0,21,1.0
2022-11-09 13:50:00+01,3,Fontivsolar,SomEnergia_Fontivsolar,27,inversor6,NULL,NULL,NULL,16.96,135.78,NULL,NULL,NULL,NULL,16607.0,NULL,1.0
2022-11-09 13:50:00+01,3,Fontivsolar,SomEnergia_Fontivsolar,28,inversor7,NULL,NULL,NULL,17.61,138.37,NULL,NULL,NULL,NULL,15555.0,NULL,1.0
2022-11-09 13:50:00+01,3,Fontivsolar,SomEnergia_Fontivsolar,26,inversor5,NULL,NULL,NULL,17.48,136.03,NULL,NULL,NULL,NULL,16580.0,NULL,1.0
2022-11-09 13:50:00+01,1,Alcolea,SomEnergia_Alcolea,19,inversor4,NULL,NULL,NULL,201.8,467.2,NULL,NULL,NULL,NULL,28257.0,42,1.0
2022-11-09 01:50:00+01,6,Florida,SomEnergia_La_Florida,20,inversor1,NULL,NULL,NULL,0.0,4131984.3,NULL,NULL,NULL,NULL,13378.0,60,1.0
2022-11-09 13:50:00+01,1,Alcolea,SomEnergia_Alcolea,18,inversor3,NULL,NULL,NULL,165.3,472.4,NULL,NULL,NULL,NULL,28210.0,42,1.0
2022-11-09 13:50:00+01,3,Fontivsolar,SomEnergia_Fontivsolar,24,inversor3,NULL,NULL,NULL,16.21,135.09,NULL,NULL,NULL,NULL,16624.0,NULL,1.0
2022-11-09 13:50:00+01,3,Fontivsolar,SomEnergia_Fontivsolar,25,inversor4,NULL,NULL,NULL,17.39,139.75,NULL,NULL,NULL,NULL,15785.0,NULL,1.0
2022-11-09 13:50:00+01,3,Fontivsolar,SomEnergia_Fontivsolar,23,inversor2,NULL,NULL,NULL,16.72,136.31,NULL,NULL,NULL,NULL,16617.0,NULL,1.0
2022-11-09 13:50:00+01,7,Matallana,SomEnergia_Exiom,33,inversor2,NULL,NULL,NULL,484.94,1066.2,NULL,NULL,NULL,NULL,18249.0,42,1.0
2022-11-09 13:50:00+01,7,Matallana,SomEnergia_Exiom,30,inversor3,NULL,NULL,NULL,482.5,462.6,NULL,NULL,NULL,NULL,18378.0,42,1.0
2022-11-09 13:50:00+01,3,Fontivsolar,SomEnergia_Fontivsolar,29,inversor8,NULL,NULL,NULL,17.66,134.08,NULL,NULL,NULL,NULL,16354.0,NULL,1.0
2022-11-09 13:50:00+01,7,Matallana,SomEnergia_Exiom,31,inversor4,NULL,NULL,NULL,492.68,463.9,NULL,NULL,NULL,NULL,18343.0,42,1.0
2022-11-09 13:50:00+01,7,Matallana,SomEnergia_Exiom,32,inversor1,NULL,NULL,NULL,0,468.9,NULL,NULL,NULL,NULL,17877.0,42,1.0
2022-11-09 13:45:00+01,7,Matallana,SomEnergia_Exiom,32,inversor1,NULL,NULL,NULL,0,433.9,NULL,NULL,NULL,NULL,17877.0,42,1.0
2022-11-09 13:45:00+01,7,Matallana,SomEnergia_Exiom,31,inversor4,NULL,NULL,NULL,497.65,424.6,NULL,NULL,NULL,NULL,18343.0,42,1.0
2022-11-09 13:45:00+01,3,Fontivsolar,SomEnergia_Fontivsolar,29,inversor8,NULL,NULL,NULL,26.83,132.04,NULL,NULL,NULL,NULL,16354.0,NULL,1.0
2022-11-09 13:45:00+01,7,Matallana,SomEnergia_Exiom,33,inversor2,NULL,NULL,NULL,478.93,1066.2,NULL,NULL,NULL,NULL,18249.0,NULL,1.0
2022-11-09 13:45:00+01,3,Fontivsolar,SomEnergia_Fontivsolar,23,inversor2,NULL,NULL,NULL,26.5,134.35,NULL,NULL,NULL,NULL,16617.0,NULL,1.0
2022-11-09 13:45:00+01,3,Fontivsolar,SomEnergia_Fontivsolar,24,inversor3,NULL,NULL,NULL,25.57,133.27,NULL,NULL,NULL,NULL,16624.0,NULL,1.0
2022-11-09 13:45:00+01,3,Fontivsolar,SomEnergia_Fontivsolar,25,inversor4,NULL,NULL,NULL,26.47,137.76,NULL,NULL,NULL,NULL,15785.0,NULL,1.0
2022-11-09 13:45:00+01,1,Alcolea,SomEnergia_Alcolea,18,inversor3,NULL,NULL,NULL,468.49,441.2,NULL,NULL,NULL,NULL,28210.0,42,1.0
2022-11-09 13:45:00+01,1,Alcolea,SomEnergia_Alcolea,19,inversor4,NULL,NULL,NULL,455.53,437.1,NULL,NULL,NULL,NULL,28257.0,42,1.0
2022-11-09 01:45:00+01,6,Florida,SomEnergia_La_Florida,20,inversor1,NULL,NULL,NULL,0.0,4131949.5,NULL,NULL,NULL,NULL,13378.0,60,1.0
2022-11-09 13:45:00+01,7,Matallana,SomEnergia_Exiom,30,inversor3,NULL,NULL,NULL,499.23,424.0,NULL,NULL,NULL,NULL,18378.0,42,1.0
2022-11-09 13:45:00+01,6,Florida,SomEnergia_La_Florida,21,inversor2,NULL,NULL,NULL,0.0,4208313.3,NULL,NULL,NULL,NULL,13400.0,60,1.0
2022-11-09 13:45:00+01,3,Fontivsolar,SomEnergia_Fontivsolar,22,inversor1,NULL,NULL,NULL,25.22,130.45,NULL,NULL,NULL,NULL,2570.0,NULL,1.0
2022-11-09 13:45:00+01,3,Fontivsolar,SomEnergia_Fontivsolar,26,inversor5,NULL,NULL,NULL,27.99,133.97,NULL,NULL,NULL,NULL,16580.0,NULL,1.0
2022-11-09 13:45:00+01,3,Fontivsolar,SomEnergia_Fontivsolar,27,inversor6,NULL,NULL,NULL,25.75,133.89,NULL,NULL,NULL,NULL,16607.0,NULL,1.0
2022-11-09 13:45:00+01,1,Alcolea,SomEnergia_Alcolea,16,inversor1,NULL,NULL,NULL,0.0,435.9,NULL,NULL,NULL,NULL,28298.0,21,1.0
2022-11-09 13:45:00+01,1,Alcolea,SomEnergia_Alcolea,17,inversor2,NULL,NULL,NULL,435.7,422.3,NULL,NULL,NULL,NULL,28304.0,42,1.0
2022-11-09 13:45:00+01,3,Fontivsolar,SomEnergia_Fontivsolar,28,inversor7,NULL,NULL,NULL,26.74,136.38,NULL,NULL,NULL,NULL,15555.0,NULL,1.0
2022-11-09 13:40:00+01,3,Fontivsolar,SomEnergia_Fontivsolar,28,inversor7,NULL,NULL,NULL,24.75,134.15,NULL,NULL,NULL,NULL,15555.0,NULL,1.0
2022-11-09 13:40:00+01,3,Fontivsolar,SomEnergia_Fontivsolar,27,inversor6,NULL,NULL,NULL,24.03,131.72,NULL,NULL,NULL,NULL,16607.0,NULL,1.0
2022-11-09 13:40:00+01,3,Fontivsolar,SomEnergia_Fontivsolar,26,inversor5,NULL,NULL,NULL,24.7,131.76,NULL,NULL,NULL,NULL,16580.0,NULL,1.0
2022-11-09 13:40:00+01,1,Alcolea,SomEnergia_Alcolea,17,inversor2,NULL,NULL,NULL,325.52,402.2,NULL,NULL,NULL,NULL,28304.0,42,1.0
2022-11-09 13:40:00+01,1,Alcolea,SomEnergia_Alcolea,16,inversor1,NULL,NULL,NULL,0.0,406.7,NULL,NULL,NULL,NULL,28298.0,21,1.0
2022-11-09 13:40:00+01,3,Fontivsolar,SomEnergia_Fontivsolar,22,inversor1,NULL,NULL,NULL,23.01,128.33,NULL,NULL,NULL,NULL,2570.0,NULL,1.0
2022-11-09 13:40:00+01,6,Florida,SomEnergia_La_Florida,21,inversor2,NULL,NULL,NULL,0.0,4208267.3,NULL,NULL,NULL,NULL,13400.0,60,1.0
2022-11-09 13:40:00+01,7,Matallana,SomEnergia_Exiom,30,inversor3,NULL,NULL,NULL,194.52,398.3,NULL,NULL,NULL,NULL,18378.0,42,1.0
2022-11-09 13:40:00+01,3,Fontivsolar,SomEnergia_Fontivsolar,25,inversor4,NULL,NULL,NULL,25.04,135.52,NULL,NULL,NULL,NULL,15785.0,NULL,1.0
2022-11-09 13:40:00+01,3,Fontivsolar,SomEnergia_Fontivsolar,23,inversor2,NULL,NULL,NULL,24.24,132.17,NULL,NULL,NULL,NULL,16617.0,NULL,1.0
2022-11-09 13:40:00+01,3,Fontivsolar,SomEnergia_Fontivsolar,24,inversor3,NULL,NULL,NULL,23.66,130.72,NULL,NULL,NULL,NULL,16624.0,NULL,1.0
2022-11-09 13:40:00+01,7,Matallana,SomEnergia_Exiom,33,inversor2,NULL,NULL,NULL,260.12,1066.2,NULL,NULL,NULL,NULL,18249.0,42,1.0
2022-11-09 13:40:00+01,3,Fontivsolar,SomEnergia_Fontivsolar,29,inversor8,NULL,NULL,NULL,24.66,129.84,NULL,NULL,NULL,NULL,16354.0,NULL,1.0
2022-11-09 01:40:00+01,6,Florida,SomEnergia_La_Florida,20,inversor1,NULL,NULL,NULL,0.0,4131905.7,NULL,NULL,NULL,NULL,13378.0,60,1.0
2022-11-09 13:40:00+01,1,Alcolea,SomEnergia_Alcolea,18,inversor3,NULL,NULL,NULL,443.5,423.9,NULL,NULL,NULL,NULL,28210.0,42,1.0
2022-11-09 13:40:00+01,1,Alcolea,SomEnergia_Alcolea,19,inversor4,NULL,NULL,NULL,393.12,410.1,NULL,NULL,NULL,NULL,28257.0,42,1.0
2022-11-09 13:40:00+01,7,Matallana,SomEnergia_Exiom,32,inversor1,NULL,NULL,NULL,0,401.7,NULL,NULL,NULL,NULL,17877.0,42,1.0
2022-11-09 13:40:00+01,7,Matallana,SomEnergia_Exiom,31,inversor4,NULL,NULL,NULL,150.64,400.8,NULL,NULL,NULL,NULL,18343.0,42,1.0
2022-11-09 13:35:00+01,7,Matallana,SomEnergia_Exiom,31,inversor4,NULL,NULL,NULL,398.73,376.9,NULL,NULL,NULL,NULL,18343.0,42,1.0
2022-11-09 13:35:00+01,7,Matallana,SomEnergia_Exiom,32,inversor1,NULL,NULL,NULL,0,376.4,NULL,NULL,NULL,NULL,17877.0,42,1.0
2022-11-09 13:35:00+01,1,Alcolea,SomEnergia_Alcolea,19,inversor4,NULL,NULL,NULL,143.82,397.3,NULL,NULL,NULL,NULL,28257.0,42,1.0
2022-11-09 01:35:00+01,6,Florida,SomEnergia_La_Florida,20,inversor1,NULL,NULL,NULL,0.0,4131870.4,NULL,NULL,NULL,NULL,13378.0,60,1.0
2022-11-09 13:35:00+01,1,Alcolea,SomEnergia_Alcolea,18,inversor3,NULL,NULL,NULL,149.03,412.1,NULL,NULL,NULL,NULL,28210.0,42,1.0
2022-11-09 13:35:00+01,7,Matallana,SomEnergia_Exiom,33,inversor2,NULL,NULL,NULL,298.28,1066.2,NULL,NULL,NULL,NULL,18249.0,42,1.0
2022-11-09 13:35:00+01,3,Fontivsolar,SomEnergia_Fontivsolar,24,inversor3,NULL,NULL,NULL,34.53,128.51,NULL,NULL,NULL,NULL,16624.0,NULL,1.0
2022-11-09 13:35:00+01,3,Fontivsolar,SomEnergia_Fontivsolar,25,inversor4,NULL,NULL,NULL,35.27,133.21,NULL,NULL,NULL,NULL,15785.0,NULL,1.0
2022-11-09 13:35:00+01,3,Fontivsolar,SomEnergia_Fontivsolar,23,inversor2,NULL,NULL,NULL,33.61,129.96,NULL,NULL,NULL,NULL,16617.0,NULL,1.0
2022-11-09 13:35:00+01,7,Matallana,SomEnergia_Exiom,30,inversor3,NULL,NULL,NULL,381.18,373.5,NULL,NULL,NULL,NULL,18378.0,42,1.0
2022-11-09 13:35:00+01,3,Fontivsolar,SomEnergia_Fontivsolar,29,inversor8,NULL,NULL,NULL,36.66,127.58,NULL,NULL,NULL,NULL,16354.0,NULL,1.0
2022-11-09 13:35:00+01,1,Alcolea,SomEnergia_Alcolea,16,inversor1,NULL,NULL,NULL,0.0,392.6,NULL,NULL,NULL,NULL,28297.0,21,1.0
2022-11-09 13:35:00+01,1,Alcolea,SomEnergia_Alcolea,17,inversor2,NULL,NULL,NULL,150.07,388.9,NULL,NULL,NULL,NULL,28304.0,42,1.0
2022-11-09 13:35:00+01,3,Fontivsolar,SomEnergia_Fontivsolar,27,inversor6,NULL,NULL,NULL,35.1,129.54,NULL,NULL,NULL,NULL,16607.0,NULL,1.0
2022-11-09 13:35:00+01,3,Fontivsolar,SomEnergia_Fontivsolar,28,inversor7,NULL,NULL,NULL,35.4,131.89,NULL,NULL,NULL,NULL,15555.0,NULL,1.0
2022-11-09 13:35:00+01,3,Fontivsolar,SomEnergia_Fontivsolar,26,inversor5,NULL,NULL,NULL,32.1,129.51,NULL,NULL,NULL,NULL,16580.0,NULL,1.0
2022-11-09 13:35:00+01,6,Florida,SomEnergia_La_Florida,21,inversor2,NULL,NULL,NULL,0.0,4208232.1,NULL,NULL,NULL,NULL,13399.0,60,1.0
2022-11-09 13:35:00+01,3,Fontivsolar,SomEnergia_Fontivsolar,22,inversor1,NULL,NULL,NULL,33.71,125.79,NULL,NULL,NULL,NULL,2570.0,NULL,1.0
2022-11-09 13:30:00+01,3,Fontivsolar,SomEnergia_Fontivsolar,22,inversor1,NULL,NULL,NULL,32.16,122.86,NULL,NULL,NULL,NULL,2570.0,NULL,1.0
2022-11-09 13:30:00+01,6,Florida,SomEnergia_La_Florida,21,inversor2,NULL,NULL,NULL,NULL,NULL,NULL,NULL,NULL,NULL,NULL,NULL,NULL
2022-11-09 13:30:00+01,3,Fontivsolar,SomEnergia_Fontivsolar,26,inversor5,NULL,NULL,NULL,37.6,126.01,NULL,NULL,NULL,NULL,16580.0,NULL,1.0
2022-11-09 13:30:00+01,3,Fontivsolar,SomEnergia_Fontivsolar,27,inversor6,NULL,NULL,NULL,32.85,126.43,NULL,NULL,NULL,NULL,16607.0,NULL,1.0
2022-11-09 13:30:00+01,1,Alcolea,SomEnergia_Alcolea,17,inversor2,NULL,NULL,NULL,121.4,378.3,NULL,NULL,NULL,NULL,28304.0,42,1.0
2022-11-09 13:30:00+01,1,Alcolea,SomEnergia_Alcolea,16,inversor1,NULL,NULL,NULL,0.0,381.1,NULL,NULL,NULL,NULL,28297.0,21,1.0
2022-11-09 13:30:00+01,3,Fontivsolar,SomEnergia_Fontivsolar,28,inversor7,NULL,NULL,NULL,33.83,128.58,NULL,NULL,NULL,NULL,15555.0,NULL,1.0
2022-11-09 13:30:00+01,3,Fontivsolar,SomEnergia_Fontivsolar,29,inversor8,NULL,NULL,NULL,33.23,124.09,NULL,NULL,NULL,NULL,16354.0,NULL,1.0
2022-11-09 13:30:00+01,3,Fontivsolar,SomEnergia_Fontivsolar,23,inversor2,NULL,NULL,NULL,34.28,126.83,NULL,NULL,NULL,NULL,16616.0,NULL,1.0
2022-11-09 13:30:00+01,3,Fontivsolar,SomEnergia_Fontivsolar,24,inversor3,NULL,NULL,NULL,32.77,125.5,NULL,NULL,NULL,NULL,16623.0,NULL,1.0
2022-11-09 13:30:00+01,3,Fontivsolar,SomEnergia_Fontivsolar,25,inversor4,NULL,NULL,NULL,33.86,130.09,NULL,NULL,NULL,NULL,15785.0,NULL,1.0
2022-11-09 13:30:00+01,7,Matallana,SomEnergia_Exiom,33,inversor2,NULL,NULL,NULL,NULL,NULL,NULL,NULL,NULL,NULL,NULL,NULL,NULL
2022-11-09 13:30:00+01,1,Alcolea,SomEnergia_Alcolea,18,inversor3,NULL,NULL,NULL,126.32,400.8,NULL,NULL,NULL,NULL,28209.0,42,1.0
2022-11-09 13:30:00+01,1,Alcolea,SomEnergia_Alcolea,19,inversor4,NULL,NULL,NULL,119.62,386.9,NULL,NULL,NULL,NULL,28257.0,42,1.0
2022-11-09 01:30:00+01,6,Florida,SomEnergia_La_Florida,20,inversor1,NULL,NULL,NULL,NULL,NULL,NULL,NULL,NULL,NULL,NULL,NULL,NULL
2022-11-09 13:30:00+01,7,Matallana,SomEnergia_Exiom,30,inversor3,NULL,NULL,NULL,160.38,347.1,NULL,NULL,NULL,NULL,18378.0,42,1.0
2022-11-09 13:30:00+01,7,Matallana,SomEnergia_Exiom,31,inversor4,NULL,NULL,NULL,142.65,349.6,NULL,NULL,NULL,NULL,18343.0,42,1.0
2022-11-09 13:30:00+01,7,Matallana,SomEnergia_Exiom,32,inversor1,NULL,NULL,NULL,0,347.4,NULL,NULL,NULL,NULL,17876.0,42,1.0
2022-11-09 13:25:00+01,7,Matallana,SomEnergia_Exiom,32,inversor1,NULL,NULL,NULL,0,327.8,NULL,NULL,NULL,NULL,17876.0,42,1.0
2022-11-09 13:25:00+01,7,Matallana,SomEnergia_Exiom,31,inversor4,NULL,NULL,NULL,203.32,332.2,NULL,NULL,NULL,NULL,18343.0,42,1.0
2022-11-09 13:25:00+01,7,Matallana,SomEnergia_Exiom,30,inversor3,NULL,NULL,NULL,205.63,329.8,NULL,NULL,NULL,NULL,18378.0,42,1.0
2022-11-09 13:25:00+01,7,Matallana,SomEnergia_Exiom,33,inversor2,NULL,NULL,NULL,NULL,NULL,NULL,NULL,NULL,NULL,NULL,NULL,NULL
2022-11-09 13:25:00+01,3,Fontivsolar,SomEnergia_Fontivsolar,25,inversor4,NULL,NULL,NULL,53.22,125.58,NULL,NULL,NULL,NULL,15785.0,NULL,1.0
2022-11-09 13:25:00+01,3,Fontivsolar,SomEnergia_Fontivsolar,23,inversor2,NULL,NULL,NULL,63.87,122.4,NULL,NULL,NULL,NULL,16616.0,NULL,1.0
2022-11-09 13:25:00+01,3,Fontivsolar,SomEnergia_Fontivsolar,24,inversor3,NULL,NULL,NULL,51.42,120.99,NULL,NULL,NULL,NULL,16623.0,NULL,1.0
2022-11-09 13:25:00+01,3,Fontivsolar,SomEnergia_Fontivsolar,29,inversor8,NULL,NULL,NULL,79.34,119.48,NULL,NULL,NULL,NULL,16354.0,NULL,1.0
2022-11-09 01:25:00+01,6,Florida,SomEnergia_La_Florida,20,inversor1,NULL,NULL,NULL,0.0,4131815.9,NULL,NULL,NULL,NULL,13378.0,60,1.0
2022-11-09 13:25:00+01,1,Alcolea,SomEnergia_Alcolea,18,inversor3,NULL,NULL,NULL,163.32,384.2,NULL,NULL,NULL,NULL,28209.0,42,1.0
2022-11-09 13:25:00+01,1,Alcolea,SomEnergia_Alcolea,19,inversor4,NULL,NULL,NULL,155.04,373.1,NULL,NULL,NULL,NULL,28257.0,42,1.0
2022-11-09 13:25:00+01,6,Florida,SomEnergia_La_Florida,21,inversor2,NULL,NULL,NULL,0.0,4208187.0,NULL,NULL,NULL,NULL,13399.0,60,1.0
2022-11-09 13:25:00+01,3,Fontivsolar,SomEnergia_Fontivsolar,22,inversor1,NULL,NULL,NULL,50.88,118.37,NULL,NULL,NULL,NULL,2570.0,NULL,1.0
2022-11-09 13:25:00+01,3,Fontivsolar,SomEnergia_Fontivsolar,28,inversor7,NULL,NULL,NULL,65.29,124.06,NULL,NULL,NULL,NULL,15555.0,NULL,1.0
2022-11-09 13:25:00+01,3,Fontivsolar,SomEnergia_Fontivsolar,27,inversor6,NULL,NULL,NULL,59.35,121.25,NULL,NULL,NULL,NULL,16607.0,NULL,1.0
2022-11-09 13:25:00+01,3,Fontivsolar,SomEnergia_Fontivsolar,26,inversor5,NULL,NULL,NULL,91.31,121.4,NULL,NULL,NULL,NULL,16579.0,NULL,1.0
2022-11-09 13:25:00+01,1,Alcolea,SomEnergia_Alcolea,16,inversor1,NULL,NULL,NULL,0.0,370.0,NULL,NULL,NULL,NULL,28297.0,21,1.0
2022-11-09 13:25:00+01,1,Alcolea,SomEnergia_Alcolea,17,inversor2,NULL,NULL,NULL,151.37,362.7,NULL,NULL,NULL,NULL,28303.0,42,1.0